name,referencePath,policyType,category,displayName,description,groupNames,policySets,allowedEffects,PRODParameters,NONPRODEffect,PRODParameters,NONPRODParameters
a4af4a39-4135-47fb-b175-47fbdf85311d,,BuiltIn,App Service,App Service apps should only be accessible over HTTPS,Use of HTTPS ensures server/service authentication and protects data in transit from network layer eavesdropping attacks.,"PCI_DSS_v4.0_3.5.1,PCI_DSS_v4.0_6.2.4",PCI-DSS: Audit (Policy Default),"Disabled,Audit,Deny",Audit,Audit,,
6d555dd1-86f2-4f1c-8ed7-5abae7c6cbab,,BuiltIn,App Service,Function apps should only be accessible over HTTPS,Use of HTTPS ensures server/service authentication and protects data in transit from network layer eavesdropping attacks.,"PCI_DSS_v4.0_3.5.1,PCI_DSS_v4.0_6.2.4",PCI-DSS: Audit (Policy Default),"Disabled,Audit,Deny",Audit,Audit,,
3657f5a0-770e-44a3-b44e-9431ba1e9735,,BuiltIn,Automation,Automation account variables should be encrypted,It is important to enable encryption of Automation account variable assets when storing sensitive data,"PCI_DSS_v4.0_3.5.1,PCI_DSS_v4.0_6.2.4",PCI-DSS: Audit (Policy Default),"Disabled,Deny,Audit",Audit,Audit,,
22bee202-a82f-4305-9a2a-6d7f44d4dedb,,BuiltIn,Cache,Only secure connections to your Azure Cache for Redis should be enabled,"Audit enabling of only connections via SSL to Azure Cache for Redis. Use of secure connections ensures authentication between the server and the service and protects data in transit from network layer attacks such as man-in-the-middle, eavesdropping, and session-hijacking","PCI_DSS_v4.0_3.5.1,PCI_DSS_v4.0_6.2.4",PCI-DSS: Audit (Policy Default),"Disabled,Deny,Audit",Audit,Audit,,
1d84d5fb-01f6-4d12-ba4f-4a26081d403d,,BuiltIn,Compute,Virtual machines should be migrated to new Azure Resource Manager resources,"Use new Azure Resource Manager for your virtual machines to provide security enhancements such as: stronger access control (RBAC), better auditing, Azure Resource Manager based deployment and governance, access to managed identities, access to key vault for secrets, Azure AD-based authentication and support for tags and resource groups for easier security management","PCI_DSS_v4.0_10.2.2,PCI_DSS_v4.0_10.3.3",PCI-DSS: Audit (Policy Default),"Disabled,Deny,Audit",Audit,Audit,,
a451c1ef-c6ca-483d-87ed-f49761e3ffb5,,BuiltIn,General,Audit usage of custom RBAC roles,"Audit built-in roles such as 'Owner, Contributer, Reader' instead of custom RBAC roles, which are error prone. Using custom roles is treated as an exception and requires a rigorous review and threat modeling","PCI_DSS_v4.0_3.3.3,PCI_DSS_v4.0_7.3.1,PCI_DSS_v4.0_8.4.1",PCI-DSS: Audit (Policy Default),"Audit,Disabled",Audit,Audit,,
3cf2ab00-13f1-4d0c-8971-2ac904541a7e,,BuiltIn,Guest Configuration,Add system-assigned managed identity to enable Guest Configuration assignments on virtual machines with no identities,"This policy adds a system-assigned managed identity to virtual machines hosted in Azure that are supported by Guest Configuration but do not have any managed identities. A system-assigned managed identity is a prerequisite for all Guest Configuration assignments and must be added to machines before using any Guest Configuration policy definitions. For more information on Guest Configuration, visit https://aka.ms/gcpol.",PCI_DSS_v4.0_8.3.6,PCI-DSS: modify (Policy Fixed),"modify,audit",audit,audit,,
497dff13-db2a-4c0f-8603-28fa3b331ab6,,BuiltIn,Guest Configuration,Add system-assigned managed identity to enable Guest Configuration assignments on VMs with a user-assigned identity,"This policy adds a system-assigned managed identity to virtual machines hosted in Azure that are supported by Guest Configuration and have at least one user-assigned identity but do not have a system-assigned managed identity. A system-assigned managed identity is a prerequisite for all Guest Configuration assignments and must be added to machines before using any Guest Configuration policy definitions. For more information on Guest Configuration, visit https://aka.ms/gcpol.",PCI_DSS_v4.0_8.3.6,PCI-DSS: modify (Policy Fixed),"modify,audit",audit,audit,,
5b054a0d-39e2-4d53-bea3-9734cad2c69b,,BuiltIn,Guest Configuration,Audit Windows machines that allow re-use of the passwords after the specified number of unique passwords,"Requires that prerequisites are deployed to the policy assignment scope. For details, visit https://aka.ms/gcpol. Machines are non-compliant if Windows machines that allow re-use of the passwords after the specified number of unique passwords. Default value for unique passwords is 24",PCI_DSS_v4.0_8.3.6,PCI-DSS: AuditIfNotExists (Policy Default),"AuditIfNotExists,Disabled",AuditIfNotExists,AuditIfNotExists,,
4ceb8dc2-559c-478b-a15b-733fbf1e3738,,BuiltIn,Guest Configuration,Audit Windows machines that do not have the maximum password age set to specified number of days,"Requires that prerequisites are deployed to the policy assignment scope. For details, visit https://aka.ms/gcpol. Machines are non-compliant if Windows machines that do not have the maximum password age set to specified number of days. Default value for maximum password age is 70 days",PCI_DSS_v4.0_8.3.6,PCI-DSS: AuditIfNotExists (Policy Default),"AuditIfNotExists,Disabled",AuditIfNotExists,AuditIfNotExists,"{""IncludeArcMachines"":""false""}","{""IncludeArcMachines"":""false""}"
a2d0e922-65d0-40c4-8f87-ea6da2d307a2,,BuiltIn,Guest Configuration,Audit Windows machines that do not restrict the minimum password length to specified number of characters,"Requires that prerequisites are deployed to the policy assignment scope. For details, visit https://aka.ms/gcpol. Machines are non-compliant if Windows machines that do not restrict the minimum password length to specified number of characters. Default value for minimum password length is 14 characters",PCI_DSS_v4.0_8.3.6,PCI-DSS: AuditIfNotExists (Policy Default),"AuditIfNotExists,Disabled",AuditIfNotExists,AuditIfNotExists,,
385f5831-96d4-41db-9a3c-cd3af78aaae6,,BuiltIn,Guest Configuration,Deploy the Windows Guest Configuration extension to enable Guest Configuration assignments on Windows VMs,"This policy deploys the Windows Guest Configuration extension to Windows virtual machines hosted in Azure that are supported by Guest Configuration. The Windows Guest Configuration extension is a prerequisite for all Windows Guest Configuration assignments and must be deployed to machines before using any Windows Guest Configuration policy definition. For more information on Guest Configuration, visit https://aka.ms/gcpol.",PCI_DSS_v4.0_8.3.6,PCI-DSS: deployIfNotExists (Policy Fixed),deployIfNotExists,AuditIfNotExists,AuditIfNotExists,,
7f89b1eb-583c-429a-8828-af049802c1d9,,BuiltIn,Monitoring,Audit diagnostic setting for selected resource types,Audit diagnostic setting for selected resource types. Be sure to select only resource types which support diagnostics settings.,"PCI_DSS_v4.0_10.2.2,PCI_DSS_v4.0_10.3.3",PCI-DSS: AuditIfNotExists (Policy Fixed),AuditIfNotExists,AuditIfNotExists,AuditIfNotExists,"{""listOfResourceTypesWithDiagnosticLogsEnabled"":[""Microsoft.AnalysisServices/servers"",""Microsoft.ApiManagement/service"",""Microsoft.Network/applicationGateways"",""Microsoft.Automation/automationAccounts"",""Microsoft.ContainerInstance/containerGroups"",""Microsoft.ContainerRegistry/registries"",""Microsoft.ContainerService/managedClusters"",""Microsoft.Batch/batchAccounts"",""Microsoft.Cdn/profiles/endpoints"",""Microsoft.CognitiveServices/accounts"",""Microsoft.DocumentDB/databaseAccounts"",""Microsoft.DataFactory/factories"",""Microsoft.DataLakeAnalytics/accounts"",""Microsoft.DataLakeStore/accounts"",""Microsoft.EventGrid/eventSubscriptions"",""Microsoft.EventGrid/topics"",""Microsoft.EventHub/namespaces"",""Microsoft.Network/expressRouteCircuits"",""Microsoft.Network/azureFirewalls"",""Microsoft.HDInsight/clusters"",""Microsoft.Devices/IotHubs"",""Microsoft.KeyVault/vaults"",""Microsoft.Network/loadBalancers"",""Microsoft.Logic/integrationAccounts"",""Microsoft.Logic/workflows"",""Microsoft.DBforMySQL/servers"",""Microsoft.Network/networkInterfaces"",""Microsoft.Network/networkSecurityGroups"",""Microsoft.DBforPostgreSQL/servers"",""Microsoft.PowerBIDedicated/capacities"",""Microsoft.Network/publicIPAddresses"",""Microsoft.RecoveryServices/vaults"",""Microsoft.Cache/redis"",""Microsoft.Relay/namespaces"",""Microsoft.Search/searchServices"",""Microsoft.ServiceBus/namespaces"",""Microsoft.SignalRService/SignalR"",""Microsoft.Sql/servers/databases"",""Microsoft.Sql/servers/elasticPools"",""Microsoft.StreamAnalytics/streamingjobs"",""Microsoft.TimeSeriesInsights/environments"",""Microsoft.Network/trafficManagerProfiles"",""Microsoft.Compute/virtualMachines"",""Microsoft.Compute/virtualMachineScaleSets"",""Microsoft.Network/virtualNetworks"",""Microsoft.Network/virtualNetworkGateways""]}","{""listOfResourceTypesWithDiagnosticLogsEnabled"":[""Microsoft.AnalysisServices/servers"",""Microsoft.ApiManagement/service"",""Microsoft.Network/applicationGateways"",""Microsoft.Automation/automationAccounts"",""Microsoft.ContainerInstance/containerGroups"",""Microsoft.ContainerRegistry/registries"",""Microsoft.ContainerService/managedClusters"",""Microsoft.Batch/batchAccounts"",""Microsoft.Cdn/profiles/endpoints"",""Microsoft.CognitiveServices/accounts"",""Microsoft.DocumentDB/databaseAccounts"",""Microsoft.DataFactory/factories"",""Microsoft.DataLakeAnalytics/accounts"",""Microsoft.DataLakeStore/accounts"",""Microsoft.EventGrid/eventSubscriptions"",""Microsoft.EventGrid/topics"",""Microsoft.EventHub/namespaces"",""Microsoft.Network/expressRouteCircuits"",""Microsoft.Network/azureFirewalls"",""Microsoft.HDInsight/clusters"",""Microsoft.Devices/IotHubs"",""Microsoft.KeyVault/vaults"",""Microsoft.Network/loadBalancers"",""Microsoft.Logic/integrationAccounts"",""Microsoft.Logic/workflows"",""Microsoft.DBforMySQL/servers"",""Microsoft.Network/networkInterfaces"",""Microsoft.Network/networkSecurityGroups"",""Microsoft.DBforPostgreSQL/servers"",""Microsoft.PowerBIDedicated/capacities"",""Microsoft.Network/publicIPAddresses"",""Microsoft.RecoveryServices/vaults"",""Microsoft.Cache/redis"",""Microsoft.Relay/namespaces"",""Microsoft.Search/searchServices"",""Microsoft.ServiceBus/namespaces"",""Microsoft.SignalRService/SignalR"",""Microsoft.Sql/servers/databases"",""Microsoft.Sql/servers/elasticPools"",""Microsoft.StreamAnalytics/streamingjobs"",""Microsoft.TimeSeriesInsights/environments"",""Microsoft.Network/trafficManagerProfiles"",""Microsoft.Compute/virtualMachines"",""Microsoft.Compute/virtualMachineScaleSets"",""Microsoft.Network/virtualNetworks"",""Microsoft.Network/virtualNetworkGateways""]}"
1ecb79d7-1a06-9a3b-3be8-f434d04d1ec1,,BuiltIn,Regulatory Compliance,Adhere to retention periods defined,CMA_0004 - Adhere to retention periods defined,"PCI_DSS_v4.0_10.5.1,PCI_DSS_v4.0_3.2.1,PCI_DSS_v4.0_3.3.1,PCI_DSS_v4.0_3.3.1.1,PCI_DSS_v4.0_3.3.1.3,PCI_DSS_v4.0_5.3.4",PCI-DSS: Manual (Policy Default),"Manual,Disabled",Manual,Manual,,
7d7a8356-5c34-9a95-3118-1424cfaf192a,,BuiltIn,Regulatory Compliance,Adopt biometric authentication mechanisms,CMA_0005 - Adopt biometric authentication mechanisms,"PCI_DSS_v4.0_8.2.3,PCI_DSS_v4.0_8.3.1,PCI_DSS_v4.0_8.3.11,PCI_DSS_v4.0_8.4.1,PCI_DSS_v4.0_8.4.2,PCI_DSS_v4.0_8.4.3,PCI_DSS_v4.0_8.5.1",PCI-DSS: Manual (Policy Default),"Manual,Disabled",Manual,Manual,,
9622aaa9-5c49-40e2-5bf8-660b7cd23deb,,BuiltIn,Regulatory Compliance,Alert personnel of information spillage,CMA_0007 - Alert personnel of information spillage,"PCI_DSS_v4.0_11.5.1,PCI_DSS_v4.0_11.5.1.1",PCI-DSS: Manual (Policy Default),"Manual,Disabled",Manual,Manual,,
c6cf9f2c-5fd8-3f16-a1f1-f0b69c904928,,BuiltIn,Regulatory Compliance,Appoint a senior information security officer,CMA_C1733 - Appoint a senior information security officer,PCI_DSS_v4.0_12.1.4,PCI-DSS: Manual (Policy Default),"Manual,Disabled",Manual,Manual,,
37b0045b-3887-367b-8b4d-b9a6fa911bb9,,BuiltIn,Regulatory Compliance,Assess information security events,CMA_0013 - Assess information security events,"PCI_DSS_v4.0_12.10.2,PCI_DSS_v4.0_12.10.6",PCI-DSS: Manual (Policy Default),"Manual,Disabled",Manual,Manual,,
0d04cb93-a0f1-2f4b-4b1b-a72a1b510d08,,BuiltIn,Regulatory Compliance,Assess risk in third party relationships,CMA_0014 - Assess risk in third party relationships,"PCI_DSS_v4.0_12.8.3,PCI_DSS_v4.0_12.8.4",PCI-DSS: Manual (Policy Default),"Manual,Disabled",Manual,Manual,,
c423e64d-995c-9f67-0403-b540f65ba42a,,BuiltIn,Regulatory Compliance,Assess Security Controls,CMA_C1145 - Assess Security Controls,PCI_DSS_v4.0_12.4.2,PCI-DSS: Manual (Policy Default),"Manual,Disabled",Manual,Manual,,
f29b17a4-0df2-8a50-058a-8570f9979d28,,BuiltIn,Regulatory Compliance,Assign system identifiers,CMA_0018 - Assign system identifiers,"PCI_DSS_v4.0_8.2.1,PCI_DSS_v4.0_8.2.4",PCI-DSS: Manual (Policy Default),"Manual,Disabled",Manual,Manual,,
f26af0b1-65b6-689a-a03f-352ad2d00f98,,BuiltIn,Regulatory Compliance,Audit privileged functions,CMA_0019 - Audit privileged functions,"PCI_DSS_v4.0_10.2.1,PCI_DSS_v4.0_10.2.1.2,PCI_DSS_v4.0_10.2.1.3,PCI_DSS_v4.0_10.2.1.5,PCI_DSS_v4.0_10.2.1.6,PCI_DSS_v4.0_10.6.3",PCI-DSS: Manual (Policy Default),"Manual,Disabled",Manual,Manual,,
49c23d9b-02b0-0e42-4f94-e8cef1b8381b,,BuiltIn,Regulatory Compliance,Audit user account status,CMA_0020 - Audit user account status,"PCI_DSS_v4.0_10.2.1,PCI_DSS_v4.0_10.2.1.5,PCI_DSS_v4.0_7.2.4",PCI-DSS: Manual (Policy Default),"Manual,Disabled",Manual,Manual,,
6f1de470-79f3-1572-866e-db0771352fc8,,BuiltIn,Regulatory Compliance,Authenticate to cryptographic module,CMA_0021 - Authenticate to cryptographic module,"PCI_DSS_v4.0_3.3.2,PCI_DSS_v4.0_3.3.3",PCI-DSS: Manual (Policy Default),"Manual,Disabled",Manual,Manual,,
aeed863a-0f56-429f-945d-8bb66bd06841,,BuiltIn,Regulatory Compliance,Authorize access to security functions and information,CMA_0022 - Authorize access to security functions and information,"PCI_DSS_v4.0_10.6.3,PCI_DSS_v4.0_7.2.1,PCI_DSS_v4.0_7.2.2,PCI_DSS_v4.0_7.2.3,PCI_DSS_v4.0_7.2.6,PCI_DSS_v4.0_7.3.1,PCI_DSS_v4.0_7.3.2,PCI_DSS_v4.0_7.3.3",PCI-DSS: Manual (Policy Default),"Manual,Disabled",Manual,Manual,,
50e9324a-7410-0539-0662-2c1e775538b7,,BuiltIn,Regulatory Compliance,Authorize and manage access,CMA_0023 - Authorize and manage access,"PCI_DSS_v4.0_10.6.3,PCI_DSS_v4.0_7.2.1,PCI_DSS_v4.0_7.2.2,PCI_DSS_v4.0_7.2.3,PCI_DSS_v4.0_7.2.6,PCI_DSS_v4.0_7.3.1,PCI_DSS_v4.0_7.3.2,PCI_DSS_v4.0_7.3.3",PCI-DSS: Manual (Policy Default),"Manual,Disabled",Manual,Manual,,
dad8a2e9-6f27-4fc2-8933-7e99fe700c9c,,BuiltIn,Regulatory Compliance,Authorize remote access,CMA_0024 - Authorize remote access,"PCI_DSS_v4.0_1.5.1,PCI_DSS_v4.0_8.4.2,PCI_DSS_v4.0_8.4.3,PCI_DSS_v4.0_8.5.1",PCI-DSS: Manual (Policy Default),"Manual,Disabled",Manual,Manual,,
2cc9c165-46bd-9762-5739-d2aae5ba90a1,,BuiltIn,Regulatory Compliance,Automate account management,CMA_0026 - Automate account management,"PCI_DSS_v4.0_10.2.1.5,PCI_DSS_v4.0_7.3.1,PCI_DSS_v4.0_7.3.2",PCI-DSS: Manual (Policy Default),"Manual,Disabled",Manual,Manual,,
3d399cf3-8fc6-0efc-6ab0-1412f1198517,,BuiltIn,Regulatory Compliance,Block untrusted and unsigned processes that run from USB,CMA_0050 - Block untrusted and unsigned processes that run from USB,"PCI_DSS_v4.0_5.2.1,PCI_DSS_v4.0_5.2.2,PCI_DSS_v4.0_5.2.3,PCI_DSS_v4.0_5.3.1,PCI_DSS_v4.0_5.3.3,PCI_DSS_v4.0_5.4.1",PCI-DSS: Manual (Policy Default),"Manual,Disabled",Manual,Manual,,
ee4bbbbb-2e52-9adb-4e3a-e641f7ac68ab,,BuiltIn,Regulatory Compliance,Check for privacy and security compliance before establishing internal connections,CMA_0053 - Check for privacy and security compliance before establishing internal connections,PCI_DSS_v4.0_1.2.3,PCI-DSS: Manual (Policy Default),"Manual,Disabled",Manual,Manual,,
c42f19c9-5d88-92da-0742-371a0ea03126,,BuiltIn,Regulatory Compliance,Clear personnel with access to classified information,CMA_0054 - Clear personnel with access to classified information,PCI_DSS_v4.0_12.7.1,PCI-DSS: Manual (Policy Default),"Manual,Disabled",Manual,Manual,,
8eea8c14-4d93-63a3-0c82-000343ee5204,,BuiltIn,Regulatory Compliance,Conduct a full text analysis of logged privileged commands,CMA_0056 - Conduct a full text analysis of logged privileged commands,"PCI_DSS_v4.0_10.2.1.2,PCI_DSS_v4.0_10.2.1.3,PCI_DSS_v4.0_10.2.1.5,PCI_DSS_v4.0_10.2.1.6,PCI_DSS_v4.0_10.6.3",PCI-DSS: Manual (Policy Default),"Manual,Disabled",Manual,Manual,,
203101f5-99a3-1491-1b56-acccd9b66a9e,,BuiltIn,Regulatory Compliance,Conduct a security impact analysis,CMA_0057 - Conduct a security impact analysis,"PCI_DSS_v4.0_1.2.2,PCI_DSS_v4.0_5.3.5,PCI_DSS_v4.0_6.5.1,PCI_DSS_v4.0_6.5.3,PCI_DSS_v4.0_6.5.4,PCI_DSS_v4.0_6.5.6",PCI-DSS: Manual (Policy Default),"Manual,Disabled",Manual,Manual,,
677e1da4-00c3-287a-563d-f4a1cf9b99a0,,BuiltIn,Regulatory Compliance,Conduct Risk Assessment,CMA_C1543 - Conduct Risk Assessment,"PCI_DSS_v4.0_12.3.1,PCI_DSS_v4.0_12.3.2,PCI_DSS_v4.0_5.2.3.1",PCI-DSS: Manual (Policy Default),"Manual,Disabled",Manual,Manual,,
d7c1ecc3-2980-a079-1569-91aec8ac4a77,,BuiltIn,Regulatory Compliance,Conduct risk assessment and distribute its results,CMA_C1544 - Conduct risk assessment and distribute its results,"PCI_DSS_v4.0_12.3.1,PCI_DSS_v4.0_12.3.2",PCI-DSS: Manual (Policy Default),"Manual,Disabled",Manual,Manual,,
1dbd51c2-2bd1-5e26-75ba-ed075d8f0d68,,BuiltIn,Regulatory Compliance,Conduct risk assessment and document its results,CMA_C1542 - Conduct risk assessment and document its results,"PCI_DSS_v4.0_12.3.1,PCI_DSS_v4.0_12.3.2,PCI_DSS_v4.0_5.2.3.1",PCI-DSS: Manual (Policy Default),"Manual,Disabled",Manual,Manual,,
b53aa659-513e-032c-52e6-1ce0ba46582f,,BuiltIn,Regulatory Compliance,Configure actions for noncompliant devices,CMA_0062 - Configure actions for noncompliant devices,"PCI_DSS_v4.0_1.2.1,PCI_DSS_v4.0_2.2.1",PCI-DSS: Manual (Policy Default),"Manual,Disabled",Manual,Manual,,
2927e340-60e4-43ad-6b5f-7a1468232cc2,,BuiltIn,Regulatory Compliance,Configure detection whitelist,CMA_0068 - Configure detection whitelist,"PCI_DSS_v4.0_12.4.2,PCI_DSS_v4.0_12.4.2.1",PCI-DSS: Manual (Policy Default),"Manual,Disabled",Manual,Manual,,
26daf649-22d1-97e9-2a8a-01b182194d59,,BuiltIn,Regulatory Compliance,Configure workstations to check for digital certificates,CMA_0073 - Configure workstations to check for digital certificates,"PCI_DSS_v4.0_4.2.1,PCI_DSS_v4.0_4.2.2",PCI-DSS: Manual (Policy Default),"Manual,Disabled",Manual,Manual,,
59bedbdc-0ba9-39b9-66bb-1d1c192384e6,,BuiltIn,Regulatory Compliance,Control information flow,CMA_0079 - Control information flow,"PCI_DSS_v4.0_1.4.1,PCI_DSS_v4.0_1.4.2,PCI_DSS_v4.0_1.4.3,PCI_DSS_v4.0_1.4.4",PCI-DSS: Manual (Policy Default),"Manual,Disabled",Manual,Manual,,
55a7f9a0-6397-7589-05ef-5ed59a8149e7,,BuiltIn,Regulatory Compliance,Control physical access,CMA_0081 - Control physical access,"PCI_DSS_v4.0_3.2.1,PCI_DSS_v4.0_9.2.2,PCI_DSS_v4.0_9.2.3,PCI_DSS_v4.0_9.2.4,PCI_DSS_v4.0_9.3.1,PCI_DSS_v4.0_9.3.1.1,PCI_DSS_v4.0_9.3.2,PCI_DSS_v4.0_9.3.3,PCI_DSS_v4.0_9.3.4,PCI_DSS_v4.0_9.5.1,PCI_DSS_v4.0_9.5.1.2,PCI_DSS_v4.0_9.5.1.2.1",PCI-DSS: Manual (Policy Default),"Manual,Disabled",Manual,Manual,,
10874318-0bf7-a41f-8463-03e395482080,,BuiltIn,Regulatory Compliance,Correlate audit records,CMA_0087 - Correlate audit records,"PCI_DSS_v4.0_10.4.1,PCI_DSS_v4.0_10.4.1.1,PCI_DSS_v4.0_10.4.2,PCI_DSS_v4.0_10.4.2.1,PCI_DSS_v4.0_10.4.3",PCI-DSS: Manual (Policy Default),"Manual,Disabled",Manual,Manual,,
043c1e56-5a16-52f8-6af8-583098ff3e60,,BuiltIn,Regulatory Compliance,Create a data inventory,CMA_0096 - Create a data inventory,"PCI_DSS_v4.0_12.5.2.1,PCI_DSS_v4.0_9.4.5.1",PCI-DSS: Manual (Policy Default),"Manual,Disabled",Manual,Manual,,
cc2f7339-2fac-1ea9-9ca3-cd530fbb0da2,,BuiltIn,Regulatory Compliance,Create alternative actions for identified anomalies,CMA_C1711 - Create alternative actions for identified anomalies,"PCI_DSS_v4.0_10.7.1,PCI_DSS_v4.0_10.7.2,PCI_DSS_v4.0_10.7.3",PCI-DSS: Manual (Policy Default),"Manual,Disabled",Manual,Manual,,
51e4b233-8ee3-8bdc-8f5f-f33bd0d229b7,,BuiltIn,Regulatory Compliance,Define a physical key management process,CMA_0115 - Define a physical key management process,"PCI_DSS_v4.0_3.6.1,PCI_DSS_v4.0_3.6.1.1,PCI_DSS_v4.0_3.6.1.2,PCI_DSS_v4.0_3.6.1.3,PCI_DSS_v4.0_3.6.1.4,PCI_DSS_v4.0_3.7.1,PCI_DSS_v4.0_3.7.2,PCI_DSS_v4.0_3.7.3,PCI_DSS_v4.0_3.7.4,PCI_DSS_v4.0_3.7.5,PCI_DSS_v4.0_3.7.6,PCI_DSS_v4.0_3.7.7,PCI_DSS_v4.0_3.7.8,PCI_DSS_v4.0_3.7.9,PCI_DSS_v4.0_4.2.1,PCI_DSS_v4.0_4.2.1.1",PCI-DSS: Manual (Policy Default),"Manual,Disabled",Manual,Manual,,
f7eb1d0b-6d4f-2d59-1591-7563e11a9313,,BuiltIn,Regulatory Compliance,Define and enforce conditions for shared and group accounts,CMA_0117 - Define and enforce conditions for shared and group accounts,PCI_DSS_v4.0_8.2.2,PCI-DSS: Manual (Policy Default),"Manual,Disabled",Manual,Manual,,
2af4640d-11a6-a64b-5ceb-a468f4341c0c,,BuiltIn,Regulatory Compliance,Define and enforce inactivity log policy,CMA_C1017 - Define and enforce inactivity log policy,PCI_DSS_v4.0_8.2.8,PCI-DSS: Manual (Policy Default),"Manual,Disabled",Manual,Manual,,
c4ccd607-702b-8ae6-8eeb-fc3339cd4b42,,BuiltIn,Regulatory Compliance,Define cryptographic use,CMA_0120 - Define cryptographic use,"PCI_DSS_v4.0_3.6.1,PCI_DSS_v4.0_3.6.1.1,PCI_DSS_v4.0_3.6.1.2,PCI_DSS_v4.0_3.6.1.3,PCI_DSS_v4.0_3.6.1.4,PCI_DSS_v4.0_3.7.1,PCI_DSS_v4.0_3.7.2,PCI_DSS_v4.0_3.7.3,PCI_DSS_v4.0_3.7.4,PCI_DSS_v4.0_3.7.5,PCI_DSS_v4.0_3.7.6,PCI_DSS_v4.0_3.7.7,PCI_DSS_v4.0_3.7.8,PCI_DSS_v4.0_3.7.9,PCI_DSS_v4.0_4.2.1,PCI_DSS_v4.0_4.2.1.1",PCI-DSS: Manual (Policy Default),"Manual,Disabled",Manual,Manual,,
623b5f0a-8cbd-03a6-4892-201d27302f0c,,BuiltIn,Regulatory Compliance,Define information system account types,CMA_0121 - Define information system account types,"PCI_DSS_v4.0_7.2.5,PCI_DSS_v4.0_8.6.1",PCI-DSS: Manual (Policy Default),"Manual,Disabled",Manual,Manual,,
d661e9eb-4e15-5ba1-6f02-cdc467db0d6c,,BuiltIn,Regulatory Compliance,Define organizational requirements for cryptographic key management,CMA_0123 - Define organizational requirements for cryptographic key management,"PCI_DSS_v4.0_3.6.1,PCI_DSS_v4.0_3.6.1.1,PCI_DSS_v4.0_3.6.1.2,PCI_DSS_v4.0_3.6.1.3,PCI_DSS_v4.0_3.6.1.4,PCI_DSS_v4.0_3.7.1,PCI_DSS_v4.0_3.7.2,PCI_DSS_v4.0_3.7.3,PCI_DSS_v4.0_3.7.4,PCI_DSS_v4.0_3.7.5,PCI_DSS_v4.0_3.7.6,PCI_DSS_v4.0_3.7.7,PCI_DSS_v4.0_3.7.8,PCI_DSS_v4.0_3.7.9,PCI_DSS_v4.0_4.2.1,PCI_DSS_v4.0_4.2.1.1",PCI-DSS: Manual (Policy Default),"Manual,Disabled",Manual,Manual,,
2b2f3a72-9e68-3993-2b69-13dcdecf8958,,BuiltIn,Regulatory Compliance,Define requirements for supplying goods and services,CMA_0126 - Define requirements for supplying goods and services,"PCI_DSS_v4.0_12.8.3,PCI_DSS_v4.0_12.8.4",PCI-DSS: Manual (Policy Default),"Manual,Disabled",Manual,Manual,,
52375c01-4d4c-7acc-3aa4-5b3d53a047ec,,BuiltIn,Regulatory Compliance,Define the duties of processors,CMA_0127 - Define the duties of processors,"PCI_DSS_v4.0_12.8.2,PCI_DSS_v4.0_12.9.1",PCI-DSS: Manual (Policy Default),"Manual,Disabled",Manual,Manual,,
8e49107c-3338-40d1-02aa-d524178a2afe,,BuiltIn,Regulatory Compliance,Deliver security assessment results,CMA_C1147 - Deliver security assessment results,PCI_DSS_v4.0_12.4.2.1,PCI-DSS: Manual (Policy Default),"Manual,Disabled",Manual,Manual,,
03b6427e-6072-4226-4bd9-a410ab65317e,,BuiltIn,Regulatory Compliance,Design an access control model,CMA_0129 - Design an access control model,"PCI_DSS_v4.0_7.2.1,PCI_DSS_v4.0_7.2.2,PCI_DSS_v4.0_7.2.3,PCI_DSS_v4.0_7.2.6",PCI-DSS: Manual (Policy Default),"Manual,Disabled",Manual,Manual,,
7a0ecd94-3699-5273-76a5-edb8499f655a,,BuiltIn,Regulatory Compliance,Determine assertion requirements,CMA_0136 - Determine assertion requirements,"PCI_DSS_v4.0_3.6.1,PCI_DSS_v4.0_3.6.1.1,PCI_DSS_v4.0_3.6.1.2,PCI_DSS_v4.0_3.6.1.3,PCI_DSS_v4.0_3.6.1.4,PCI_DSS_v4.0_3.7.1,PCI_DSS_v4.0_3.7.2,PCI_DSS_v4.0_3.7.3,PCI_DSS_v4.0_3.7.4,PCI_DSS_v4.0_3.7.5,PCI_DSS_v4.0_3.7.6,PCI_DSS_v4.0_3.7.7,PCI_DSS_v4.0_3.7.8,PCI_DSS_v4.0_3.7.9,PCI_DSS_v4.0_4.2.1,PCI_DSS_v4.0_4.2.1.1",PCI-DSS: Manual (Policy Default),"Manual,Disabled",Manual,Manual,,
2f67e567-03db-9d1f-67dc-b6ffb91312f4,,BuiltIn,Regulatory Compliance,Determine auditable events,CMA_0137 - Determine auditable events,"PCI_DSS_v4.0_10.2.1,PCI_DSS_v4.0_10.2.1.1,PCI_DSS_v4.0_10.2.1.3,PCI_DSS_v4.0_10.2.1.4,PCI_DSS_v4.0_10.2.1.5,PCI_DSS_v4.0_10.2.1.6,PCI_DSS_v4.0_10.2.1.7,PCI_DSS_v4.0_10.2.2,PCI_DSS_v4.0_5.3.4",PCI-DSS: Manual (Policy Default),"Manual,Disabled",Manual,Manual,,
67ada943-8539-083d-35d0-7af648974125,,BuiltIn,Regulatory Compliance,Determine supplier contract obligations,CMA_0140 - Determine supplier contract obligations,"PCI_DSS_v4.0_12.8.2,PCI_DSS_v4.0_12.8.3,PCI_DSS_v4.0_12.8.4,PCI_DSS_v4.0_12.8.5",PCI-DSS: Manual (Policy Default),"Manual,Disabled",Manual,Manual,,
42116f15-5665-a52a-87bb-b40e64c74b6c,,BuiltIn,Regulatory Compliance,Develop acceptable use policies and procedures,CMA_0143 - Develop acceptable use policies and procedures,PCI_DSS_v4.0_12.2.1,PCI-DSS: Manual (Policy Default),"Manual,Disabled",Manual,Manual,,
59f7feff-02aa-6539-2cf7-bea75b762140,,BuiltIn,Regulatory Compliance,Develop access control policies and procedures,CMA_0144 - Develop access control policies and procedures,"PCI_DSS_v4.0_7.1.1,PCI_DSS_v4.0_7.1.2",PCI-DSS: Manual (Policy Default),"Manual,Disabled",Manual,Manual,,
2b4e134f-1e4c-2bff-573e-082d85479b6e,,BuiltIn,Regulatory Compliance,Develop an incident response plan,CMA_0145 - Develop an incident response plan,"PCI_DSS_v4.0_11.5.1,PCI_DSS_v4.0_11.5.1.1,PCI_DSS_v4.0_12.10.2,PCI_DSS_v4.0_12.10.5,PCI_DSS_v4.0_12.10.7",PCI-DSS: Manual (Policy Default),"Manual,Disabled",Manual,Manual,,
055da733-55c6-9e10-8194-c40731057ec4,,BuiltIn,Regulatory Compliance,Develop and maintain a vulnerability management standard,CMA_0152 - Develop and maintain a vulnerability management standard,"PCI_DSS_v4.0_1.2.2,PCI_DSS_v4.0_5.3.5,PCI_DSS_v4.0_6.5.1",PCI-DSS: Manual (Policy Default),"Manual,Disabled",Manual,Manual,,
2f20840e-7925-221c-725d-757442753e7c,,BuiltIn,Regulatory Compliance,Develop and maintain baseline configurations,CMA_0153 - Develop and maintain baseline configurations,"PCI_DSS_v4.0_1.2.1,PCI_DSS_v4.0_2.2.1",PCI-DSS: Manual (Policy Default),"Manual,Disabled",Manual,Manual,,
a28323fe-276d-3787-32d2-cef6395764c4,,BuiltIn,Regulatory Compliance,Develop audit and accountability policies and procedures,CMA_0154 - Develop audit and accountability policies and procedures,PCI_DSS_v4.0_10.1.1,PCI-DSS: Manual (Policy Default),"Manual,Disabled",Manual,Manual,,
af227964-5b8b-22a2-9364-06d2cb9d6d7c,,BuiltIn,Regulatory Compliance,Develop information security policies and procedures,CMA_0158 - Develop information security policies and procedures,PCI_DSS_v4.0_10.1.1,PCI-DSS: Manual (Policy Default),"Manual,Disabled",Manual,Manual,,
477bd136-7dd9-55f8-48ac-bae096b86a07,,BuiltIn,Regulatory Compliance,Develop POA&M,CMA_C1156 - Develop POA&M,PCI_DSS_v4.0_12.4.2.1,PCI-DSS: Manual (Policy Default),"Manual,Disabled",Manual,Manual,,
1c258345-5cd4-30c8-9ef3-5ee4dd5231d6,,BuiltIn,Regulatory Compliance,Develop security assessment plan,CMA_C1144 - Develop security assessment plan,"PCI_DSS_v4.0_12.4.1,PCI_DSS_v4.0_12.4.2",PCI-DSS: Manual (Policy Default),"Manual,Disabled",Manual,Manual,,
423f6d9c-0c73-9cc6-64f4-b52242490368,,BuiltIn,Regulatory Compliance,Develop security safeguards,CMA_0161 - Develop security safeguards,PCI_DSS_v4.0_12.10.7,PCI-DSS: Manual (Policy Default),"Manual,Disabled",Manual,Manual,,
d9d48ffb-0d8c-0bd5-5f31-5a5826d19f10,,BuiltIn,Regulatory Compliance,Disable authenticators upon termination,CMA_0169 - Disable authenticators upon termination,PCI_DSS_v4.0_8.2.6,PCI-DSS: Manual (Policy Default),"Manual,Disabled",Manual,Manual,,
9c93ef57-7000-63fb-9b74-88f2e17ca5d2,,BuiltIn,Regulatory Compliance,Disseminate security alerts to personnel,CMA_C1705 - Disseminate security alerts to personnel,"PCI_DSS_v4.0_12.3.4,PCI_DSS_v4.0_6.3.1",PCI-DSS: Manual (Policy Default),"Manual,Disabled",Manual,Manual,,
098dcde7-016a-06c3-0985-0daaf3301d3a,,BuiltIn,Regulatory Compliance,Distribute authenticators,CMA_0184 - Distribute authenticators,PCI_DSS_v4.0_8.3.11,PCI-DSS: Manual (Policy Default),"Manual,Disabled",Manual,Manual,,
0803eaa7-671c-08a7-52fd-ac419f775e75,,BuiltIn,Regulatory Compliance,Document acquisition contract acceptance criteria,CMA_0187 - Document acquisition contract acceptance criteria,"PCI_DSS_v4.0_12.8.2,PCI_DSS_v4.0_12.8.5",PCI-DSS: Manual (Policy Default),"Manual,Disabled",Manual,Manual,,
04b3e7f6-4841-888d-4799-cda19a0084f6,,BuiltIn,Regulatory Compliance,Document and implement wireless access guidelines,CMA_0190 - Document and implement wireless access guidelines,"PCI_DSS_v4.0_1.3.3,PCI_DSS_v4.0_11.2.2,PCI_DSS_v4.0_2.3.1,PCI_DSS_v4.0_2.3.2,PCI_DSS_v4.0_4.2.1.2",PCI-DSS: Manual (Policy Default),"Manual,Disabled",Manual,Manual,,
83dfb2b8-678b-20a0-4c44-5c75ada023e6,,BuiltIn,Regulatory Compliance,Document mobility training,CMA_0191 - Document mobility training,"PCI_DSS_v4.0_1.5.1,PCI_DSS_v4.0_8.4.2,PCI_DSS_v4.0_8.4.3,PCI_DSS_v4.0_8.5.1",PCI-DSS: Manual (Policy Default),"Manual,Disabled",Manual,Manual,,
271a3e58-1b38-933d-74c9-a580006b80aa,,BuiltIn,Regulatory Compliance,Document personnel acceptance of privacy requirements,CMA_0193 - Document personnel acceptance of privacy requirements,PCI_DSS_v4.0_12.6.3,PCI-DSS: Manual (Policy Default),"Manual,Disabled",Manual,Manual,,
f9ec3263-9562-1768-65a1-729793635a8d,,BuiltIn,Regulatory Compliance,Document protection of personal data in acquisition contracts,CMA_0194 - Document protection of personal data in acquisition contracts,"PCI_DSS_v4.0_12.8.2,PCI_DSS_v4.0_12.8.5",PCI-DSS: Manual (Policy Default),"Manual,Disabled",Manual,Manual,,
d78f95ba-870a-a500-6104-8a5ce2534f19,,BuiltIn,Regulatory Compliance,Document protection of security information in acquisition contracts,CMA_0195 - Document protection of security information in acquisition contracts,"PCI_DSS_v4.0_12.8.2,PCI_DSS_v4.0_12.8.5",PCI-DSS: Manual (Policy Default),"Manual,Disabled",Manual,Manual,,
3d492600-27ba-62cc-a1c3-66eb919f6a0d,,BuiltIn,Regulatory Compliance,Document remote access guidelines,CMA_0196 - Document remote access guidelines,"PCI_DSS_v4.0_1.5.1,PCI_DSS_v4.0_8.4.2,PCI_DSS_v4.0_8.4.3,PCI_DSS_v4.0_8.5.1",PCI-DSS: Manual (Policy Default),"Manual,Disabled",Manual,Manual,,
0ba211ef-0e85-2a45-17fc-401d1b3f8f85,,BuiltIn,Regulatory Compliance,Document requirements for the use of shared data in contracts,CMA_0197 - Document requirements for the use of shared data in contracts,"PCI_DSS_v4.0_12.8.2,PCI_DSS_v4.0_12.8.5",PCI-DSS: Manual (Policy Default),"Manual,Disabled",Manual,Manual,,
524e7136-9f6a-75ba-9089-501018151346,,BuiltIn,Regulatory Compliance,Document security and privacy training activities,CMA_0198 - Document security and privacy training activities,PCI_DSS_v4.0_12.6.1,PCI-DSS: Manual (Policy Default),"Manual,Disabled",Manual,Manual,,
13efd2d7-3980-a2a4-39d0-527180c009e8,,BuiltIn,Regulatory Compliance,Document security assurance requirements in acquisition contracts,CMA_0199 - Document security assurance requirements in acquisition contracts,"PCI_DSS_v4.0_12.8.2,PCI_DSS_v4.0_12.8.5",PCI-DSS: Manual (Policy Default),"Manual,Disabled",Manual,Manual,,
a465e8e9-0095-85cb-a05f-1dd4960d02af,,BuiltIn,Regulatory Compliance,Document security documentation requirements in acquisition contract,CMA_0200 - Document security documentation requirements in acquisition contract,"PCI_DSS_v4.0_12.8.2,PCI_DSS_v4.0_12.8.5",PCI-DSS: Manual (Policy Default),"Manual,Disabled",Manual,Manual,,
57927290-8000-59bf-3776-90c468ac5b4b,,BuiltIn,Regulatory Compliance,Document security functional requirements in acquisition contracts,CMA_0201 - Document security functional requirements in acquisition contracts,"PCI_DSS_v4.0_12.8.2,PCI_DSS_v4.0_12.8.5",PCI-DSS: Manual (Policy Default),"Manual,Disabled",Manual,Manual,,
ebb0ba89-6d8c-84a7-252b-7393881e43de,,BuiltIn,Regulatory Compliance,Document security strength requirements in acquisition contracts,CMA_0203 - Document security strength requirements in acquisition contracts,"PCI_DSS_v4.0_12.8.2,PCI_DSS_v4.0_12.8.5,PCI_DSS_v4.0_8.3.6,PCI_DSS_v4.0_8.6.3",PCI-DSS: Manual (Policy Default),"Manual,Disabled",Manual,Manual,,
c148208b-1a6f-a4ac-7abc-23b1d41121b1,,BuiltIn,Regulatory Compliance,Document the information system environment in acquisition contracts,CMA_0205 - Document the information system environment in acquisition contracts,"PCI_DSS_v4.0_12.8.2,PCI_DSS_v4.0_12.8.5",PCI-DSS: Manual (Policy Default),"Manual,Disabled",Manual,Manual,,
79c75b38-334b-1a69-65e0-a9d929a42f75,,BuiltIn,Regulatory Compliance,Document the legal basis for processing personal information,CMA_0206 - Document the legal basis for processing personal information,"PCI_DSS_v4.0_3.2.1,PCI_DSS_v4.0_3.3.1,PCI_DSS_v4.0_3.3.1.1,PCI_DSS_v4.0_3.3.1.2,PCI_DSS_v4.0_3.3.1.3,PCI_DSS_v4.0_3.3.3",PCI-DSS: Manual (Policy Default),"Manual,Disabled",Manual,Manual,,
77acc53d-0f67-6e06-7d04-5750653d4629,,BuiltIn,Regulatory Compliance,Document the protection of cardholder data in third party contracts,CMA_0207 - Document the protection of cardholder data in third party contracts,"PCI_DSS_v4.0_12.8.2,PCI_DSS_v4.0_12.8.5",PCI-DSS: Manual (Policy Default),"Manual,Disabled",Manual,Manual,,
eaaae23f-92c9-4460-51cf-913feaea4d52,,BuiltIn,Regulatory Compliance,Employ a media sanitization mechanism,CMA_0208 - Employ a media sanitization mechanism,"PCI_DSS_v4.0_9.4.6,PCI_DSS_v4.0_9.4.7",PCI-DSS: Manual (Policy Default),"Manual,Disabled",Manual,Manual,,
1b8a7ec3-11cc-a2d3-8cd0-eedf074424a4,,BuiltIn,Regulatory Compliance,Employ automatic shutdown/restart when violations are detected,CMA_C1715 - Employ automatic shutdown/restart when violations are detected,"PCI_DSS_v4.0_11.5.2,PCI_DSS_v4.0_11.6.1",PCI-DSS: Manual (Policy Default),"Manual,Disabled",Manual,Manual,,
79365f13-8ba4-1f6c-2ac4-aa39929f56d0,,BuiltIn,Regulatory Compliance,Employ flow control mechanisms of encrypted information,CMA_0211 - Employ flow control mechanisms of encrypted information,"PCI_DSS_v4.0_1.4.1,PCI_DSS_v4.0_1.4.2,PCI_DSS_v4.0_1.4.3,PCI_DSS_v4.0_1.4.4",PCI-DSS: Manual (Policy Default),"Manual,Disabled",Manual,Manual,,
611ebc63-8600-50b6-a0e3-fef272457132,,BuiltIn,Regulatory Compliance,Employ independent team for penetration testing,CMA_C1171 - Employ independent team for penetration testing,"PCI_DSS_v4.0_11.4.1,PCI_DSS_v4.0_11.4.3",PCI-DSS: Manual (Policy Default),"Manual,Disabled",Manual,Manual,,
1bc7fd64-291f-028e-4ed6-6e07886e163f,,BuiltIn,Regulatory Compliance,Employ least privilege access,CMA_0212 - Employ least privilege access,"PCI_DSS_v4.0_7.2.1,PCI_DSS_v4.0_7.2.2,PCI_DSS_v4.0_7.2.3,PCI_DSS_v4.0_7.2.6",PCI-DSS: Manual (Policy Default),"Manual,Disabled",Manual,Manual,,
2c843d78-8f64-92b5-6a9b-e8186c0e7eb6,,BuiltIn,Regulatory Compliance,Enable dual or joint authorization,CMA_0226 - Enable dual or joint authorization,"PCI_DSS_v4.0_10.3.1,PCI_DSS_v4.0_10.3.2,PCI_DSS_v4.0_10.3.4",PCI-DSS: Manual (Policy Default),"Manual,Disabled",Manual,Manual,,
8c255136-994b-9616-79f5-ae87810e0dcf,,BuiltIn,Regulatory Compliance,Enable network protection,CMA_0238 - Enable network protection,"PCI_DSS_v4.0_12.10.5,PCI_DSS_v4.0_12.10.7",PCI-DSS: Manual (Policy Default),"Manual,Disabled",Manual,Manual,,
b4409bff-2287-8407-05fd-c73175a68302,,BuiltIn,Regulatory Compliance,Enforce a limit of consecutive failed login attempts,CMA_C1044 - Enforce a limit of consecutive failed login attempts,PCI_DSS_v4.0_8.3.4,PCI-DSS: Manual (Policy Default),"Manual,Disabled",Manual,Manual,,
8cd815bf-97e1-5144-0735-11f6ddb50a59,,BuiltIn,Regulatory Compliance,Enforce and audit access restrictions,CMA_C1203 - Enforce and audit access restrictions,PCI_DSS_v4.0_1.2.8,PCI-DSS: Manual (Policy Default),"Manual,Disabled",Manual,Manual,,
10c4210b-3ec9-9603-050d-77e4d26c7ebb,,BuiltIn,Regulatory Compliance,Enforce logical access,CMA_0245 - Enforce logical access,"PCI_DSS_v4.0_7.2.1,PCI_DSS_v4.0_7.2.3,PCI_DSS_v4.0_7.2.6,PCI_DSS_v4.0_7.3.1,PCI_DSS_v4.0_7.3.2,PCI_DSS_v4.0_7.3.3",PCI-DSS: Manual (Policy Default),"Manual,Disabled",Manual,Manual,,
b1666a13-8f67-9c47-155e-69e027ff6823,,BuiltIn,Regulatory Compliance,Enforce mandatory and discretionary access control policies,CMA_0246 - Enforce mandatory and discretionary access control policies,"PCI_DSS_v4.0_10.6.3,PCI_DSS_v4.0_7.1.1,PCI_DSS_v4.0_7.1.2,PCI_DSS_v4.0_7.2.1,PCI_DSS_v4.0_7.2.2,PCI_DSS_v4.0_7.2.3,PCI_DSS_v4.0_7.2.6,PCI_DSS_v4.0_7.3.1,PCI_DSS_v4.0_7.3.2,PCI_DSS_v4.0_7.3.3",PCI-DSS: Manual (Policy Default),"Manual,Disabled",Manual,Manual,,
509552f5-6528-3540-7959-fbeae4832533,,BuiltIn,Regulatory Compliance,Enforce rules of behavior and access agreements,CMA_0248 - Enforce rules of behavior and access agreements,PCI_DSS_v4.0_12.2.1,PCI-DSS: Manual (Policy Default),"Manual,Disabled",Manual,Manual,,
058e9719-1ff9-3653-4230-23f76b6492e0,,BuiltIn,Regulatory Compliance,Enforce security configuration settings,CMA_0249 - Enforce security configuration settings,"PCI_DSS_v4.0_1.2.1,PCI_DSS_v4.0_2.2.1,PCI_DSS_v4.0_2.2.5",PCI-DSS: Manual (Policy Default),"Manual,Disabled",Manual,Manual,,
e336d5f4-4d8f-0059-759c-ae10f63d1747,,BuiltIn,Regulatory Compliance,Enforce user uniqueness,CMA_0250 - Enforce user uniqueness,PCI_DSS_v4.0_8.2.1,PCI-DSS: Manual (Policy Default),"Manual,Disabled",Manual,Manual,,
37dbe3dc-0e9c-24fa-36f2-11197cbfa207,,BuiltIn,Regulatory Compliance,Ensure authorized users protect provided authenticators,CMA_C1339 - Ensure authorized users protect provided authenticators,PCI_DSS_v4.0_8.3.2,PCI-DSS: Manual (Policy Default),"Manual,Disabled",Manual,Manual,,
54a9c072-4a93-2a03-6a43-a060d30383d7,,BuiltIn,Regulatory Compliance,Eradicate contaminated information,CMA_0253 - Eradicate contaminated information,PCI_DSS_v4.0_12.10.7,PCI-DSS: Manual (Policy Default),"Manual,Disabled",Manual,Manual,,
7380631c-5bf5-0e3a-4509-0873becd8a63,,BuiltIn,Regulatory Compliance,Establish a configuration control board,CMA_0254 - Establish a configuration control board,"PCI_DSS_v4.0_1.2.1,PCI_DSS_v4.0_2.2.1",PCI-DSS: Manual (Policy Default),"Manual,Disabled",Manual,Manual,,
3c9aa856-6b86-35dc-83f4-bc72cec74dea,,BuiltIn,Regulatory Compliance,Establish a data leakage management procedure,CMA_0255 - Establish a data leakage management procedure,"PCI_DSS_v4.0_3.5.1,PCI_DSS_v4.0_3.5.1.1,PCI_DSS_v4.0_3.5.1.2,PCI_DSS_v4.0_3.5.1.3",PCI-DSS: Manual (Policy Default),"Manual,Disabled",Manual,Manual,,
d8bbd80e-3bb1-5983-06c2-428526ec6a63,,BuiltIn,Regulatory Compliance,Establish a password policy,CMA_0256 - Establish a password policy,"PCI_DSS_v4.0_8.3.6,PCI_DSS_v4.0_8.6.3",PCI-DSS: Manual (Policy Default),"Manual,Disabled",Manual,Manual,,
39eb03c1-97cc-11ab-0960-6209ed2869f7,,BuiltIn,Regulatory Compliance,Establish a privacy program,CMA_0257 - Establish a privacy program,"PCI_DSS_v4.0_12.4.1,PCI_DSS_v4.0_3.1.1",PCI-DSS: Manual (Policy Default),"Manual,Disabled",Manual,Manual,,
d36700f2-2f0d-7c2a-059c-bdadd1d79f70,,BuiltIn,Regulatory Compliance,Establish a risk management strategy,CMA_0258 - Establish a risk management strategy,"PCI_DSS_v4.0_1.2.2,PCI_DSS_v4.0_5.3.5,PCI_DSS_v4.0_6.5.1",PCI-DSS: Manual (Policy Default),"Manual,Disabled",Manual,Manual,,
b0e3035d-6366-2e37-796e-8bcab9c649e6,,BuiltIn,Regulatory Compliance,Establish a threat intelligence program,CMA_0260 - Establish a threat intelligence program,"PCI_DSS_v4.0_12.3.4,PCI_DSS_v4.0_6.3.1",PCI-DSS: Manual (Policy Default),"Manual,Disabled",Manual,Manual,,
84245967-7882-54f6-2d34-85059f725b47,,BuiltIn,Regulatory Compliance,Establish an information security program,CMA_0263 - Establish an information security program,"PCI_DSS_v4.0_12.1.2,PCI_DSS_v4.0_12.4.1,PCI_DSS_v4.0_12.5.3",PCI-DSS: Manual (Policy Default),"Manual,Disabled",Manual,Manual,,
526ed90e-890f-69e7-0386-ba5c0f1f784f,,BuiltIn,Regulatory Compliance,Establish and document a configuration management plan,CMA_0264 - Establish and document a configuration management plan,"PCI_DSS_v4.0_1.2.1,PCI_DSS_v4.0_2.2.1",PCI-DSS: Manual (Policy Default),"Manual,Disabled",Manual,Manual,,
bd4dc286-2f30-5b95-777c-681f3a7913d3,,BuiltIn,Regulatory Compliance,Establish and document change control processes,CMA_0265 - Establish and document change control processes,"PCI_DSS_v4.0_1.2.2,PCI_DSS_v4.0_1.2.8,PCI_DSS_v4.0_5.3.5,PCI_DSS_v4.0_6.5.1,PCI_DSS_v4.0_6.5.3,PCI_DSS_v4.0_6.5.4,PCI_DSS_v4.0_6.5.6",PCI-DSS: Manual (Policy Default),"Manual,Disabled",Manual,Manual,,
921ae4c1-507f-5ddb-8a58-cfa9b5fd96f0,,BuiltIn,Regulatory Compliance,Establish authenticator types and processes,CMA_0267 - Establish authenticator types and processes,"PCI_DSS_v4.0_8.3.1,PCI_DSS_v4.0_8.3.11,PCI_DSS_v4.0_8.3.5",PCI-DSS: Manual (Policy Default),"Manual,Disabled",Manual,Manual,,
4f23967c-a74b-9a09-9dc2-f566f61a87b9,,BuiltIn,Regulatory Compliance,Establish backup policies and procedures,CMA_0268 - Establish backup policies and procedures,PCI_DSS_v4.0_10.3.3,PCI-DSS: Manual (Policy Default),"Manual,Disabled",Manual,Manual,,
8747b573-8294-86a0-8914-49e9b06a5ace,,BuiltIn,Regulatory Compliance,Establish configuration management requirements for developers,CMA_0270 - Establish configuration management requirements for developers,"PCI_DSS_v4.0_1.2.2,PCI_DSS_v4.0_5.3.5,PCI_DSS_v4.0_6.5.1,PCI_DSS_v4.0_6.5.3,PCI_DSS_v4.0_6.5.4,PCI_DSS_v4.0_6.5.6",PCI-DSS: Manual (Policy Default),"Manual,Disabled",Manual,Manual,,
b544f797-a73b-1be3-6d01-6b1a085376bc,,BuiltIn,Regulatory Compliance,Establish information security workforce development and improvement program,CMA_C1752 - Establish information security workforce development and improvement program,PCI_DSS_v4.0_12.6.1,PCI-DSS: Manual (Policy Default),"Manual,Disabled",Manual,Manual,,
9150259b-617b-596d-3bf5-5ca3fce20335,,BuiltIn,Regulatory Compliance,Establish policies for supply chain risk management,CMA_0275 - Establish policies for supply chain risk management,"PCI_DSS_v4.0_12.8.3,PCI_DSS_v4.0_12.8.4",PCI-DSS: Manual (Policy Default),"Manual,Disabled",Manual,Manual,,
b3c8cc83-20d3-3890-8bc8-5568777670f4,,BuiltIn,Regulatory Compliance,Establish requirements for audit review and reporting,CMA_0277 - Establish requirements for audit review and reporting,"PCI_DSS_v4.0_10.4.1,PCI_DSS_v4.0_10.4.1.1,PCI_DSS_v4.0_10.4.2,PCI_DSS_v4.0_10.4.2.1,PCI_DSS_v4.0_10.4.3",PCI-DSS: Manual (Policy Default),"Manual,Disabled",Manual,Manual,,
ba78efc6-795c-64f4-7a02-91effbd34af9,,BuiltIn,Regulatory Compliance,Execute actions in response to information spills,CMA_0281 - Execute actions in response to information spills,PCI_DSS_v4.0_12.10.7,PCI-DSS: Manual (Policy Default),"Manual,Disabled",Manual,Manual,,
333b4ada-4a02-0648-3d4d-d812974f1bb2,,BuiltIn,Regulatory Compliance,Govern and monitor audit processing activities,CMA_0289 - Govern and monitor audit processing activities,"PCI_DSS_v4.0_10.7.1,PCI_DSS_v4.0_10.7.2",PCI-DSS: Manual (Policy Default),"Manual,Disabled",Manual,Manual,,
1a2a03a4-9992-5788-5953-d8f6615306de,,BuiltIn,Regulatory Compliance,Govern policies and procedures,CMA_0292 - Govern policies and procedures,"PCI_DSS_v4.0_10.1.1,PCI_DSS_v4.0_7.1.1,PCI_DSS_v4.0_7.1.2",PCI-DSS: Manual (Policy Default),"Manual,Disabled",Manual,Manual,,
ae5345d5-8dab-086a-7290-db43a3272198,,BuiltIn,Regulatory Compliance,Identify and authenticate network devices,CMA_0296 - Identify and authenticate network devices,"PCI_DSS_v4.0_2.3.1,PCI_DSS_v4.0_2.3.2,PCI_DSS_v4.0_4.2.1.2,PCI_DSS_v4.0_8.2.3,PCI_DSS_v4.0_8.3.1,PCI_DSS_v4.0_8.3.11,PCI_DSS_v4.0_8.4.2,PCI_DSS_v4.0_8.4.3,PCI_DSS_v4.0_8.5.1",PCI-DSS: Manual (Policy Default),"Manual,Disabled",Manual,Manual,,
e1379836-3492-6395-451d-2f5062e14136,,BuiltIn,Regulatory Compliance,Identify and authenticate non-organizational users,CMA_C1346 - Identify and authenticate non-organizational users,PCI_DSS_v4.0_8.2.7,PCI-DSS: Manual (Policy Default),"Manual,Disabled",Manual,Manual,,
46ab2c5e-6654-1f58-8c83-e97a44f39308,,BuiltIn,Regulatory Compliance,Identify external service providers,CMA_C1591 - Identify external service providers,PCI_DSS_v4.0_1.2.5,PCI-DSS: Manual (Policy Default),"Manual,Disabled",Manual,Manual,,
015b4935-448a-8684-27c0-d13086356c33,,BuiltIn,Regulatory Compliance,Implement a threat awareness program,CMA_C1758 - Implement a threat awareness program,PCI_DSS_v4.0_12.6.3.1,PCI-DSS: Manual (Policy Default),"Manual,Disabled",Manual,Manual,,
33832848-42ab-63f3-1a55-c0ad309d44cd,,BuiltIn,Regulatory Compliance,Implement an automated configuration management tool,CMA_0311 - Implement an automated configuration management tool,"PCI_DSS_v4.0_1.2.1,PCI_DSS_v4.0_2.2.1",PCI-DSS: Manual (Policy Default),"Manual,Disabled",Manual,Manual,,
35de8462-03ff-45b3-5746-9d4603c74c56,,BuiltIn,Regulatory Compliance,Implement an insider threat program,CMA_C1751 - Implement an insider threat program,PCI_DSS_v4.0_12.6.3.1,PCI-DSS: Manual (Policy Default),"Manual,Disabled",Manual,Manual,,
e435f7e3-0dd9-58c9-451f-9b44b96c0232,,BuiltIn,Regulatory Compliance,Implement controls to secure all media,CMA_0314 - Implement controls to secure all media,"PCI_DSS_v4.0_3.5.1,PCI_DSS_v4.0_3.5.1.1,PCI_DSS_v4.0_3.5.1.2,PCI_DSS_v4.0_3.5.1.3,PCI_DSS_v4.0_9.4.1,PCI_DSS_v4.0_9.4.1.1,PCI_DSS_v4.0_9.4.2,PCI_DSS_v4.0_9.4.3,PCI_DSS_v4.0_9.4.4,PCI_DSS_v4.0_9.4.6,PCI_DSS_v4.0_9.4.7",PCI-DSS: Manual (Policy Default),"Manual,Disabled",Manual,Manual,,
cd36eeec-67e7-205a-4b64-dbfe3b4e3e4e,,BuiltIn,Regulatory Compliance,Implement controls to secure alternate work sites,CMA_0315 - Implement controls to secure alternate work sites,"PCI_DSS_v4.0_1.5.1,PCI_DSS_v4.0_8.4.2,PCI_DSS_v4.0_8.4.3,PCI_DSS_v4.0_8.5.1",PCI-DSS: Manual (Policy Default),"Manual,Disabled",Manual,Manual,,
10c3a1b1-29b0-a2d5-8f4c-a284b0f07830,,BuiltIn,Regulatory Compliance,Implement cryptographic mechanisms,CMA_C1419 - Implement cryptographic mechanisms,PCI_DSS_v4.0_2.2.7,PCI-DSS: Manual (Policy Default),"Manual,Disabled",Manual,Manual,,
433de59e-7a53-a766-02c2-f80f8421469a,,BuiltIn,Regulatory Compliance,Implement incident handling,CMA_0318 - Implement incident handling,"PCI_DSS_v4.0_12.10.2,PCI_DSS_v4.0_12.10.5,PCI_DSS_v4.0_12.10.7",PCI-DSS: Manual (Policy Default),"Manual,Disabled",Manual,Manual,,
b262e1dd-08e9-41d4-963a-258909ad794b,,BuiltIn,Regulatory Compliance,Implement managed interface for each external service,CMA_C1626 - Implement managed interface for each external service,"PCI_DSS_v4.0_1.4.1,PCI_DSS_v4.0_1.4.2",PCI-DSS: Manual (Policy Default),"Manual,Disabled",Manual,Manual,,
3b30aa25-0f19-6c04-5ca4-bd3f880a763d,,BuiltIn,Regulatory Compliance,Implement parameters for memorized secret verifiers,CMA_0321 - Implement parameters for memorized secret verifiers,"PCI_DSS_v4.0_8.3.6,PCI_DSS_v4.0_8.6.3",PCI-DSS: Manual (Policy Default),"Manual,Disabled",Manual,Manual,,
e0c480bf-0d68-a42d-4cbb-b60f851f8716,,BuiltIn,Regulatory Compliance,Implement personnel screening,CMA_0322 - Implement personnel screening,PCI_DSS_v4.0_12.7.1,PCI-DSS: Manual (Policy Default),"Manual,Disabled",Manual,Manual,,
05ec66a2-137c-14b8-8e75-3d7a2bef07f8,,BuiltIn,Regulatory Compliance,"Implement physical security for offices, working areas, and secure areas","CMA_0323 - Implement physical security for offices, working areas, and secure areas","PCI_DSS_v4.0_9.2.3,PCI_DSS_v4.0_9.2.4,PCI_DSS_v4.0_9.3.2,PCI_DSS_v4.0_9.3.3,PCI_DSS_v4.0_9.3.4,PCI_DSS_v4.0_9.5.1,PCI_DSS_v4.0_9.5.1.2,PCI_DSS_v4.0_9.5.1.2.1",PCI-DSS: Manual (Policy Default),"Manual,Disabled",Manual,Manual,,
06f84330-4c27-21f7-72cd-7488afd50244,,BuiltIn,Regulatory Compliance,Implement privacy notice delivery methods,CMA_0324 - Implement privacy notice delivery methods,"PCI_DSS_v4.0_3.3.1,PCI_DSS_v4.0_3.3.1.1,PCI_DSS_v4.0_3.3.1.2,PCI_DSS_v4.0_3.3.1.3,PCI_DSS_v4.0_3.3.3,PCI_DSS_v4.0_3.4.1,PCI_DSS_v4.0_3.4.2",PCI-DSS: Manual (Policy Default),"Manual,Disabled",Manual,Manual,,
26d178a4-9261-6f04-a100-47ed85314c6e,,BuiltIn,Regulatory Compliance,Implement security directives,CMA_C1706 - Implement security directives,PCI_DSS_v4.0_6.3.1,PCI-DSS: Manual (Policy Default),"Manual,Disabled",Manual,Manual,,
01ae60e2-38bb-0a32-7b20-d3a091423409,,BuiltIn,Regulatory Compliance,Implement system boundary protection,CMA_0328 - Implement system boundary protection,"PCI_DSS_v4.0_1.4.1,PCI_DSS_v4.0_1.4.2",PCI-DSS: Manual (Policy Default),"Manual,Disabled",Manual,Manual,,
e4b00788-7e1c-33ec-0418-d048508e095b,,BuiltIn,Regulatory Compliance,Implement training for protecting authenticators,CMA_0329 - Implement training for protecting authenticators,"PCI_DSS_v4.0_8.3.8,PCI_DSS_v4.0_8.6.2,PCI_DSS_v4.0_8.6.3",PCI-DSS: Manual (Policy Default),"Manual,Disabled",Manual,Manual,,
834b7a4a-83ab-2188-1a26-9c5033d8173b,,BuiltIn,Regulatory Compliance,Incorporate security and data privacy practices in research processing,CMA_0331 - Incorporate security and data privacy practices in research processing,PCI_DSS_v4.0_6.5.5,PCI-DSS: Manual (Policy Default),"Manual,Disabled",Manual,Manual,,
f741c4e6-41eb-15a4-25a2-61ac7ca232f0,,BuiltIn,Regulatory Compliance,"Integrate audit review, analysis, and reporting","CMA_0339 - Integrate audit review, analysis, and reporting","PCI_DSS_v4.0_10.4.1,PCI_DSS_v4.0_10.4.1.1,PCI_DSS_v4.0_10.4.2,PCI_DSS_v4.0_10.4.2.1,PCI_DSS_v4.0_10.4.3",PCI-DSS: Manual (Policy Default),"Manual,Disabled",Manual,Manual,,
9fdde4a9-85fa-7850-6df4-ae9c4a2e56f9,,BuiltIn,Regulatory Compliance,Integrate cloud app security with a siem,CMA_0340 - Integrate cloud app security with a siem,"PCI_DSS_v4.0_10.4.1,PCI_DSS_v4.0_10.4.1.1,PCI_DSS_v4.0_10.4.2,PCI_DSS_v4.0_10.4.2.1,PCI_DSS_v4.0_10.4.3",PCI-DSS: Manual (Policy Default),"Manual,Disabled",Manual,Manual,,
97d91b33-7050-237b-3e23-a77d57d84e13,,BuiltIn,Regulatory Compliance,Issue public key certificates,CMA_0347 - Issue public key certificates,"PCI_DSS_v4.0_3.6.1,PCI_DSS_v4.0_3.6.1.1,PCI_DSS_v4.0_3.6.1.2,PCI_DSS_v4.0_3.6.1.3,PCI_DSS_v4.0_3.6.1.4,PCI_DSS_v4.0_3.7.1,PCI_DSS_v4.0_3.7.2,PCI_DSS_v4.0_3.7.3,PCI_DSS_v4.0_3.7.4,PCI_DSS_v4.0_3.7.5,PCI_DSS_v4.0_3.7.6,PCI_DSS_v4.0_3.7.7,PCI_DSS_v4.0_3.7.8,PCI_DSS_v4.0_3.7.9,PCI_DSS_v4.0_4.2.1,PCI_DSS_v4.0_4.2.1.1",PCI-DSS: Manual (Policy Default),"Manual,Disabled",Manual,Manual,,
2af551d5-1775-326a-0589-590bfb7e9eb2,,BuiltIn,Regulatory Compliance,Limit privileges to make changes in production environment,CMA_C1206 - Limit privileges to make changes in production environment,"PCI_DSS_v4.0_6.5.3,PCI_DSS_v4.0_6.5.4",PCI-DSS: Manual (Policy Default),"Manual,Disabled",Manual,Manual,,
3ad7f0bc-3d03-0585-4d24-529779bb02c2,,BuiltIn,Regulatory Compliance,Maintain availability of information,CMA_C1644 - Maintain availability of information,"PCI_DSS_v4.0_3.7.3,PCI_DSS_v4.0_4.2.1.1",PCI-DSS: Manual (Policy Default),"Manual,Disabled",Manual,Manual,,
0fd1ca29-677b-2f12-1879-639716459160,,BuiltIn,Regulatory Compliance,Maintain data breach records,CMA_0351 - Maintain data breach records,PCI_DSS_v4.0_12.10.2,PCI-DSS: Manual (Policy Default),"Manual,Disabled",Manual,Manual,,
37546841-8ea1-5be0-214d-8ac599588332,,BuiltIn,Regulatory Compliance,Maintain incident response plan,CMA_0352 - Maintain incident response plan,"PCI_DSS_v4.0_12.10.2,PCI_DSS_v4.0_12.10.6",PCI-DSS: Manual (Policy Default),"Manual,Disabled",Manual,Manual,,
92ede480-154e-0e22-4dca-8b46a74a3a51,,BuiltIn,Regulatory Compliance,Maintain records of processing of personal data,CMA_0353 - Maintain records of processing of personal data,"PCI_DSS_v4.0_1.2.4,PCI_DSS_v4.0_12.5.2,PCI_DSS_v4.0_12.5.2.1,PCI_DSS_v4.0_9.4.5.1",PCI-DSS: Manual (Policy Default),"Manual,Disabled",Manual,Manual,,
29363ae1-68cd-01ca-799d-92c9197c8404,,BuiltIn,Regulatory Compliance,Manage authenticator lifetime and reuse,CMA_0355 - Manage authenticator lifetime and reuse,"PCI_DSS_v4.0_8.3.10,PCI_DSS_v4.0_8.3.10.1,PCI_DSS_v4.0_8.3.9,PCI_DSS_v4.0_8.6.3",PCI-DSS: Manual (Policy Default),"Manual,Disabled",Manual,Manual,,
4aacaec9-0628-272c-3e83-0d68446694e0,,BuiltIn,Regulatory Compliance,Manage Authenticators,CMA_C1321 - Manage Authenticators,PCI_DSS_v4.0_2.2.2,PCI-DSS: Manual (Policy Default),"Manual,Disabled",Manual,Manual,,
4e400494-53a5-5147-6f4d-718b539c7394,,BuiltIn,Regulatory Compliance,Manage compliance activities,CMA_0358 - Manage compliance activities,PCI_DSS_v4.0_12.4.1,PCI-DSS: Manual (Policy Default),"Manual,Disabled",Manual,Manual,,
63f63e71-6c3f-9add-4c43-64de23e554a7,,BuiltIn,Regulatory Compliance,Manage gateways,CMA_0363 - Manage gateways,"PCI_DSS_v4.0_5.2.1,PCI_DSS_v4.0_5.2.2,PCI_DSS_v4.0_5.2.3,PCI_DSS_v4.0_5.3.1,PCI_DSS_v4.0_5.3.3,PCI_DSS_v4.0_5.4.1",PCI-DSS: Manual (Policy Default),"Manual,Disabled",Manual,Manual,,
9c276cf3-596f-581a-7fbd-f5e46edaa0f4,,BuiltIn,Regulatory Compliance,Manage symmetric cryptographic keys,CMA_0367 - Manage symmetric cryptographic keys,"PCI_DSS_v4.0_3.6.1,PCI_DSS_v4.0_3.6.1.1,PCI_DSS_v4.0_3.6.1.2,PCI_DSS_v4.0_3.6.1.3,PCI_DSS_v4.0_3.6.1.4,PCI_DSS_v4.0_3.7.1,PCI_DSS_v4.0_3.7.2,PCI_DSS_v4.0_3.7.3,PCI_DSS_v4.0_3.7.4,PCI_DSS_v4.0_3.7.5,PCI_DSS_v4.0_3.7.6,PCI_DSS_v4.0_3.7.7,PCI_DSS_v4.0_3.7.8,PCI_DSS_v4.0_3.7.9,PCI_DSS_v4.0_4.2.1,PCI_DSS_v4.0_4.2.1.1",PCI-DSS: Manual (Policy Default),"Manual,Disabled",Manual,Manual,,
34d38ea7-6754-1838-7031-d7fd07099821,,BuiltIn,Regulatory Compliance,Manage system and admin accounts,CMA_0368 - Manage system and admin accounts,"PCI_DSS_v4.0_10.2.1.5,PCI_DSS_v4.0_7.3.1,PCI_DSS_v4.0_7.3.2",PCI-DSS: Manual (Policy Default),"Manual,Disabled",Manual,Manual,,
e603da3a-8af7-4f8a-94cb-1bcc0e0333d2,,BuiltIn,Regulatory Compliance,"Manage the input, output, processing, and storage of data","CMA_0369 - Manage the input, output, processing, and storage of data","PCI_DSS_v4.0_3.2.1,PCI_DSS_v4.0_9.5.1,PCI_DSS_v4.0_9.5.1.2,PCI_DSS_v4.0_9.5.1.2.1",PCI-DSS: Manual (Policy Default),"Manual,Disabled",Manual,Manual,,
4ac81669-00e2-9790-8648-71bc11bc91eb,,BuiltIn,Regulatory Compliance,Manage the transportation of assets,CMA_0370 - Manage the transportation of assets,"PCI_DSS_v4.0_9.4.3,PCI_DSS_v4.0_9.4.4",PCI-DSS: Manual (Policy Default),"Manual,Disabled",Manual,Manual,,
48c816c5-2190-61fc-8806-25d6f3df162f,,BuiltIn,Regulatory Compliance,Monitor access across the organization,CMA_0376 - Monitor access across the organization,"PCI_DSS_v4.0_10.2.1.5,PCI_DSS_v4.0_7.3.1,PCI_DSS_v4.0_7.3.2",PCI-DSS: Manual (Policy Default),"Manual,Disabled",Manual,Manual,,
7b28ba4f-0a87-46ac-62e1-46b7c09202a8,,BuiltIn,Regulatory Compliance,Monitor account activity,CMA_0377 - Monitor account activity,"PCI_DSS_v4.0_10.2.1.2,PCI_DSS_v4.0_10.2.1.3,PCI_DSS_v4.0_10.2.1.5,PCI_DSS_v4.0_10.2.1.6,PCI_DSS_v4.0_10.6.3,PCI_DSS_v4.0_7.2.5.1",PCI-DSS: Manual (Policy Default),"Manual,Disabled",Manual,Manual,,
ed87d27a-9abf-7c71-714c-61d881889da4,,BuiltIn,Regulatory Compliance,Monitor privileged role assignment,CMA_0378 - Monitor privileged role assignment,"PCI_DSS_v4.0_10.2.1.2,PCI_DSS_v4.0_10.2.1.3,PCI_DSS_v4.0_10.2.1.5,PCI_DSS_v4.0_10.2.1.6,PCI_DSS_v4.0_10.6.3",PCI-DSS: Manual (Policy Default),"Manual,Disabled",Manual,Manual,,
18e9d748-73d4-0c96-55ab-b108bfbd5bc3,,BuiltIn,Regulatory Compliance,Notify personnel of any failed security verification tests,CMA_C1710 - Notify personnel of any failed security verification tests,"PCI_DSS_v4.0_10.7.1,PCI_DSS_v4.0_10.7.2,PCI_DSS_v4.0_10.7.3",PCI-DSS: Manual (Policy Default),"Manual,Disabled",Manual,Manual,,
8489ff90-8d29-61df-2d84-f9ab0f4c5e84,,BuiltIn,Regulatory Compliance,Notify when account is not needed,CMA_0383 - Notify when account is not needed,"PCI_DSS_v4.0_10.2.1.5,PCI_DSS_v4.0_7.3.1,PCI_DSS_v4.0_7.3.2",PCI-DSS: Manual (Policy Default),"Manual,Disabled",Manual,Manual,,
3f1216b0-30ee-1ac9-3899-63eb744e85f5,,BuiltIn,Regulatory Compliance,Obtain Admin documentation,CMA_C1580 - Obtain Admin documentation,PCI_DSS_v4.0_6.3.2,PCI-DSS: Manual (Policy Default),"Manual,Disabled",Manual,Manual,,
069101ac-4578-31da-0cd4-ff083edd3eb4,,BuiltIn,Regulatory Compliance,Obtain consent prior to collection or processing of personal data,CMA_0385 - Obtain consent prior to collection or processing of personal data,"PCI_DSS_v4.0_3.2.1,PCI_DSS_v4.0_3.3.1,PCI_DSS_v4.0_3.3.1.1,PCI_DSS_v4.0_3.3.1.2,PCI_DSS_v4.0_3.3.1.3,PCI_DSS_v4.0_3.3.3",PCI-DSS: Manual (Policy Default),"Manual,Disabled",Manual,Manual,,
ca6d7878-3189-1833-4620-6c7254ed1607,,BuiltIn,Regulatory Compliance,Obtain continuous monitoring plan for security controls,CMA_C1577 - Obtain continuous monitoring plan for security controls,PCI_DSS_v4.0_12.8.4,PCI-DSS: Manual (Policy Default),"Manual,Disabled",Manual,Manual,,
22a02c9a-49e4-5dc9-0d14-eb35ad717154,,BuiltIn,Regulatory Compliance,Obtain design and implementation information for the security controls,CMA_C1576 - Obtain design and implementation information for the security controls,"PCI_DSS_v4.0_12.8.2,PCI_DSS_v4.0_12.8.5",PCI-DSS: Manual (Policy Default),"Manual,Disabled",Manual,Manual,,
44b71aa8-099d-8b97-1557-0e853ec38e0d,,BuiltIn,Regulatory Compliance,Obtain functional properties of security controls,CMA_C1575 - Obtain functional properties of security controls,"PCI_DSS_v4.0_12.8.2,PCI_DSS_v4.0_12.8.5",PCI-DSS: Manual (Policy Default),"Manual,Disabled",Manual,Manual,,
d18af1ac-0086-4762-6dc8-87cdded90e39,,BuiltIn,Regulatory Compliance,Perform a privacy impact assessment,CMA_0387 - Perform a privacy impact assessment,"PCI_DSS_v4.0_1.2.2,PCI_DSS_v4.0_5.3.5,PCI_DSS_v4.0_6.5.1,PCI_DSS_v4.0_6.5.3,PCI_DSS_v4.0_6.5.4,PCI_DSS_v4.0_6.5.6",PCI-DSS: Manual (Policy Default),"Manual,Disabled",Manual,Manual,,
8c5d3d8d-5cba-0def-257c-5ab9ea9644dc,,BuiltIn,Regulatory Compliance,Perform a risk assessment,CMA_0388 - Perform a risk assessment,"PCI_DSS_v4.0_1.2.2,PCI_DSS_v4.0_12.3.1,PCI_DSS_v4.0_12.3.2,PCI_DSS_v4.0_5.2.3.1,PCI_DSS_v4.0_5.3.5,PCI_DSS_v4.0_6.5.1",PCI-DSS: Manual (Policy Default),"Manual,Disabled",Manual,Manual,,
50e81644-923d-33fc-6ebb-9733bc8d1a06,,BuiltIn,Regulatory Compliance,Perform a trend analysis on threats,CMA_0389 - Perform a trend analysis on threats,"PCI_DSS_v4.0_11.5.1,PCI_DSS_v4.0_12.10.7,PCI_DSS_v4.0_5.2.1,PCI_DSS_v4.0_5.2.2,PCI_DSS_v4.0_5.2.3,PCI_DSS_v4.0_5.3.1,PCI_DSS_v4.0_5.3.3,PCI_DSS_v4.0_5.4.1",PCI-DSS: Manual (Policy Default),"Manual,Disabled",Manual,Manual,,
1282809c-9001-176b-4a81-260a085f4872,,BuiltIn,Regulatory Compliance,Perform audit for configuration change control,CMA_0390 - Perform audit for configuration change control,"PCI_DSS_v4.0_1.2.2,PCI_DSS_v4.0_5.3.5,PCI_DSS_v4.0_6.5.1,PCI_DSS_v4.0_6.5.3,PCI_DSS_v4.0_6.5.4,PCI_DSS_v4.0_6.5.6",PCI-DSS: Manual (Policy Default),"Manual,Disabled",Manual,Manual,,
b5a4be05-3997-1731-3260-98be653610f6,,BuiltIn,Regulatory Compliance,Perform disposition review,CMA_0391 - Perform disposition review,"PCI_DSS_v4.0_3.2.1,PCI_DSS_v4.0_3.3.1,PCI_DSS_v4.0_3.3.1.1,PCI_DSS_v4.0_3.3.1.3,PCI_DSS_v4.0_9.4.6,PCI_DSS_v4.0_9.4.7",PCI-DSS: Manual (Policy Default),"Manual,Disabled",Manual,Manual,,
f30edfad-4e1d-1eef-27ee-9292d6d89842,,BuiltIn,Regulatory Compliance,Perform security function verification at a defined frequency,CMA_C1709 - Perform security function verification at a defined frequency,"PCI_DSS_v4.0_10.7.1,PCI_DSS_v4.0_10.7.2,PCI_DSS_v4.0_10.7.3",PCI-DSS: Manual (Policy Default),"Manual,Disabled",Manual,Manual,,
3c5e0e1a-216f-8f49-0a15-76ed0d8b8e1f,,BuiltIn,Regulatory Compliance,Perform vulnerability scans,CMA_0393 - Perform vulnerability scans,"PCI_DSS_v4.0_11.3.1,PCI_DSS_v4.0_11.3.1.1,PCI_DSS_v4.0_11.3.1.3,PCI_DSS_v4.0_11.3.2,PCI_DSS_v4.0_11.3.2.1,PCI_DSS_v4.0_5.2.1,PCI_DSS_v4.0_5.2.2,PCI_DSS_v4.0_5.2.3,PCI_DSS_v4.0_5.3.1,PCI_DSS_v4.0_5.3.3,PCI_DSS_v4.0_5.4.1,PCI_DSS_v4.0_6.4.1",PCI-DSS: Manual (Policy Default),"Manual,Disabled",Manual,Manual,,
70a7a065-a060-85f8-7863-eb7850ed2af9,,BuiltIn,Regulatory Compliance,Produce Security Assessment report,CMA_C1146 - Produce Security Assessment report,PCI_DSS_v4.0_12.4.2.1,PCI-DSS: Manual (Policy Default),"Manual,Disabled",Manual,Manual,,
de077e7e-0cc8-65a6-6e08-9ab46c827b05,,BuiltIn,Regulatory Compliance,"Produce, control and distribute asymmetric cryptographic keys","CMA_C1646 - Produce, control and distribute asymmetric cryptographic keys",PCI_DSS_v4.0_4.2.1,PCI-DSS: Manual (Policy Default),"Manual,Disabled",Manual,Manual,,
16c54e01-9e65-7524-7c33-beda48a75779,,BuiltIn,Regulatory Compliance,"Produce, control and distribute symmetric cryptographic keys","CMA_C1645 - Produce, control and distribute symmetric cryptographic keys","PCI_DSS_v4.0_3.6.1.2,PCI_DSS_v4.0_3.7.2,PCI_DSS_v4.0_3.7.3,PCI_DSS_v4.0_4.2.1",PCI-DSS: Manual (Policy Default),"Manual,Disabled",Manual,Manual,,
0e696f5a-451f-5c15-5532-044136538491,,BuiltIn,Regulatory Compliance,Protect audit information,CMA_0401 - Protect audit information,"PCI_DSS_v4.0_10.3.1,PCI_DSS_v4.0_10.3.2,PCI_DSS_v4.0_10.3.4",PCI-DSS: Manual (Policy Default),"Manual,Disabled",Manual,Manual,,
b11697e8-9515-16f1-7a35-477d5c8a1344,,BuiltIn,Regulatory Compliance,Protect data in transit using encryption,CMA_0403 - Protect data in transit using encryption,"PCI_DSS_v4.0_3.5.1,PCI_DSS_v4.0_3.5.1.1,PCI_DSS_v4.0_3.5.1.2,PCI_DSS_v4.0_3.5.1.3,PCI_DSS_v4.0_4.2.1,PCI_DSS_v4.0_4.2.2",PCI-DSS: Manual (Policy Default),"Manual,Disabled",Manual,Manual,,
2401b496-7f23-79b2-9f80-89bb5abf3d4a,,BuiltIn,Regulatory Compliance,Protect incident response plan,CMA_0405 - Protect incident response plan,PCI_DSS_v4.0_12.10.2,PCI-DSS: Manual (Policy Default),"Manual,Disabled",Manual,Manual,,
b2d3e5a2-97ab-5497-565a-71172a729d93,,BuiltIn,Regulatory Compliance,Protect passwords with encryption,CMA_0408 - Protect passwords with encryption,"PCI_DSS_v4.0_4.2.1,PCI_DSS_v4.0_4.2.2,PCI_DSS_v4.0_8.3.2",PCI-DSS: Manual (Policy Default),"Manual,Disabled",Manual,Manual,,
a315c657-4a00-8eba-15ac-44692ad24423,,BuiltIn,Regulatory Compliance,Protect special information,CMA_0409 - Protect special information,"PCI_DSS_v4.0_3.5.1,PCI_DSS_v4.0_3.5.1.1,PCI_DSS_v4.0_3.5.1.2,PCI_DSS_v4.0_3.5.1.3",PCI-DSS: Manual (Policy Default),"Manual,Disabled",Manual,Manual,,
d42a8f69-a193-6cbc-48b9-04a9e29961f1,,BuiltIn,Regulatory Compliance,Protect wireless access,CMA_0411 - Protect wireless access,"PCI_DSS_v4.0_1.3.3,PCI_DSS_v4.0_11.2.2,PCI_DSS_v4.0_2.3.1,PCI_DSS_v4.0_2.3.2,PCI_DSS_v4.0_4.2.1.2",PCI-DSS: Manual (Policy Default),"Manual,Disabled",Manual,Manual,,
2d4d0e90-32d9-4deb-2166-a00d51ed57c0,,BuiltIn,Regulatory Compliance,Provide information spillage training,CMA_0413 - Provide information spillage training,"PCI_DSS_v4.0_12.10.4,PCI_DSS_v4.0_12.10.4.1",PCI-DSS: Manual (Policy Default),"Manual,Disabled",Manual,Manual,,
9ac8621d-9acd-55bf-9f99-ee4212cc3d85,,BuiltIn,Regulatory Compliance,Provide periodic role-based security training,CMA_C1095 - Provide periodic role-based security training,"PCI_DSS_v4.0_12.6.3,PCI_DSS_v4.0_6.2.2",PCI-DSS: Manual (Policy Default),"Manual,Disabled",Manual,Manual,,
516be556-1353-080d-2c2f-f46f000d5785,,BuiltIn,Regulatory Compliance,Provide periodic security awareness training,CMA_C1091 - Provide periodic security awareness training,PCI_DSS_v4.0_12.6.3,PCI-DSS: Manual (Policy Default),"Manual,Disabled",Manual,Manual,,
098a7b84-1031-66d8-4e78-bd15b5fd2efb,,BuiltIn,Regulatory Compliance,Provide privacy notice,CMA_0414 - Provide privacy notice,"PCI_DSS_v4.0_3.3.1,PCI_DSS_v4.0_3.3.1.1,PCI_DSS_v4.0_3.3.1.2,PCI_DSS_v4.0_3.3.1.3,PCI_DSS_v4.0_3.3.3,PCI_DSS_v4.0_3.4.1,PCI_DSS_v4.0_3.4.2",PCI-DSS: Manual (Policy Default),"Manual,Disabled",Manual,Manual,,
518eafdd-08e5-37a9-795b-15a8d798056d,,BuiltIn,Regulatory Compliance,Provide privacy training,CMA_0415 - Provide privacy training,"PCI_DSS_v4.0_1.5.1,PCI_DSS_v4.0_12.6.3,PCI_DSS_v4.0_8.4.2,PCI_DSS_v4.0_8.4.3,PCI_DSS_v4.0_8.5.1",PCI-DSS: Manual (Policy Default),"Manual,Disabled",Manual,Manual,,
4c385143-09fd-3a34-790c-a5fd9ec77ddc,,BuiltIn,Regulatory Compliance,Provide role-based security training,CMA_C1094 - Provide role-based security training,PCI_DSS_v4.0_12.6.3,PCI-DSS: Manual (Policy Default),"Manual,Disabled",Manual,Manual,,
2b05dca2-25ec-9335-495c-29155f785082,,BuiltIn,Regulatory Compliance,Provide security training before providing access,CMA_0418 - Provide security training before providing access,"PCI_DSS_v4.0_12.6.3,PCI_DSS_v4.0_12.6.3.2,PCI_DSS_v4.0_6.2.2,PCI_DSS_v4.0_9.5.1.3",PCI-DSS: Manual (Policy Default),"Manual,Disabled",Manual,Manual,,
1cb7bf71-841c-4741-438a-67c65fdd7194,,BuiltIn,Regulatory Compliance,Provide security training for new users,CMA_0419 - Provide security training for new users,"PCI_DSS_v4.0_12.6.3,PCI_DSS_v4.0_12.6.3.1,PCI_DSS_v4.0_12.6.3.2",PCI-DSS: Manual (Policy Default),"Manual,Disabled",Manual,Manual,,
d136ae80-54dd-321c-98b4-17acf4af2169,,BuiltIn,Regulatory Compliance,Provide updated security awareness training,CMA_C1090 - Provide updated security awareness training,"PCI_DSS_v4.0_12.6.2,PCI_DSS_v4.0_12.6.3",PCI-DSS: Manual (Policy Default),"Manual,Disabled",Manual,Manual,,
8b1da407-5e60-5037-612e-2caa1b590719,,BuiltIn,Regulatory Compliance,Record disclosures of PII to third parties,CMA_0422 - Record disclosures of PII to third parties,"PCI_DSS_v4.0_12.8.2,PCI_DSS_v4.0_12.9.1",PCI-DSS: Manual (Policy Default),"Manual,Disabled",Manual,Manual,,
3ae68d9a-5696-8c32-62d3-c6f9c52e437c,,BuiltIn,Regulatory Compliance,Refresh authenticators,CMA_0425 - Refresh authenticators,"PCI_DSS_v4.0_8.3.10,PCI_DSS_v4.0_8.3.10.1,PCI_DSS_v4.0_8.3.9,PCI_DSS_v4.0_8.6.3",PCI-DSS: Manual (Policy Default),"Manual,Disabled",Manual,Manual,,
2f204e72-1896-3bf8-75c9-9128b8683a36,,BuiltIn,Regulatory Compliance,Reissue authenticators for changed groups and accounts,CMA_0426 - Reissue authenticators for changed groups and accounts,PCI_DSS_v4.0_8.2.2,PCI-DSS: Manual (Policy Default),"Manual,Disabled",Manual,Manual,,
be38a620-000b-21cf-3cb3-ea151b704c3b,,BuiltIn,Regulatory Compliance,Remediate information system flaws,CMA_0427 - Remediate information system flaws,"PCI_DSS_v4.0_11.3.1,PCI_DSS_v4.0_11.3.1.1,PCI_DSS_v4.0_11.3.1.3,PCI_DSS_v4.0_11.3.2,PCI_DSS_v4.0_11.3.2.1,PCI_DSS_v4.0_12.3.4,PCI_DSS_v4.0_2.2.5,PCI_DSS_v4.0_6.3.1,PCI_DSS_v4.0_6.4.1",PCI-DSS: Manual (Policy Default),"Manual,Disabled",Manual,Manual,,
de770ba6-50dd-a316-2932-e0d972eaa734,,BuiltIn,Regulatory Compliance,Require approval for account creation,CMA_0431 - Require approval for account creation,"PCI_DSS_v4.0_7.2.1,PCI_DSS_v4.0_7.2.3,PCI_DSS_v4.0_7.2.6,PCI_DSS_v4.0_7.3.1,PCI_DSS_v4.0_7.3.2,PCI_DSS_v4.0_7.3.3,PCI_DSS_v4.0_8.2.4,PCI_DSS_v4.0_8.6.1",PCI-DSS: Manual (Policy Default),"Manual,Disabled",Manual,Manual,,
725164e5-3b21-1ec2-7e42-14f077862841,,BuiltIn,Regulatory Compliance,Require compliance with intellectual property rights,CMA_0432 - Require compliance with intellectual property rights,PCI_DSS_v4.0_12.2.1,PCI-DSS: Manual (Policy Default),"Manual,Disabled",Manual,Manual,,
f6da5cca-5795-60ff-49e1-4972567815fe,,BuiltIn,Regulatory Compliance,"Require developer to identify SDLC ports, protocols, and services","CMA_C1578 - Require developer to identify SDLC ports, protocols, and services",PCI_DSS_v4.0_1.2.5,PCI-DSS: Manual (Policy Default),"Manual,Disabled",Manual,Manual,,
b33d61c1-7463-7025-0ec0-a47585b59147,,BuiltIn,Regulatory Compliance,Require developers to manage change integrity,CMA_C1595 - Require developers to manage change integrity,PCI_DSS_v4.0_6.5.2,PCI-DSS: Manual (Policy Default),"Manual,Disabled",Manual,Manual,,
4e45863d-9ea9-32b4-a204-2680bc6007a6,,BuiltIn,Regulatory Compliance,Require external service providers to comply with security requirements,CMA_C1586 - Require external service providers to comply with security requirements,"PCI_DSS_v4.0_12.8.1,PCI_DSS_v4.0_12.8.3,PCI_DSS_v4.0_12.8.4,PCI_DSS_v4.0_12.9.1,PCI_DSS_v4.0_12.9.2",PCI-DSS: Manual (Policy Default),"Manual,Disabled",Manual,Manual,,
08ad71d0-52be-6503-4908-e015460a16ae,,BuiltIn,Regulatory Compliance,Require use of individual authenticators,CMA_C1305 - Require use of individual authenticators,PCI_DSS_v4.0_8.2.2,PCI-DSS: Manual (Policy Default),"Manual,Disabled",Manual,Manual,,
c6aeb800-0b19-944d-92dc-59b893722329,,BuiltIn,Regulatory Compliance,Rescreen individuals at a defined frequency,CMA_C1512 - Rescreen individuals at a defined frequency,PCI_DSS_v4.0_12.7.1,PCI-DSS: Manual (Policy Default),"Manual,Disabled",Manual,Manual,,
8d140e8b-76c7-77de-1d46-ed1b2e112444,,BuiltIn,Regulatory Compliance,Restrict access to private keys,CMA_0445 - Restrict access to private keys,"PCI_DSS_v4.0_3.6.1,PCI_DSS_v4.0_3.6.1.1,PCI_DSS_v4.0_3.6.1.2,PCI_DSS_v4.0_3.6.1.3,PCI_DSS_v4.0_3.6.1.4,PCI_DSS_v4.0_3.7.1,PCI_DSS_v4.0_3.7.2,PCI_DSS_v4.0_3.7.3,PCI_DSS_v4.0_3.7.4,PCI_DSS_v4.0_3.7.5,PCI_DSS_v4.0_3.7.6,PCI_DSS_v4.0_3.7.7,PCI_DSS_v4.0_3.7.8,PCI_DSS_v4.0_3.7.9,PCI_DSS_v4.0_4.2.1,PCI_DSS_v4.0_4.2.1.1",PCI-DSS: Manual (Policy Default),"Manual,Disabled",Manual,Manual,,
873895e8-0e3a-6492-42e9-22cd030e9fcd,,BuiltIn,Regulatory Compliance,Restrict access to privileged accounts,CMA_0446 - Restrict access to privileged accounts,"PCI_DSS_v4.0_10.2.1.2,PCI_DSS_v4.0_10.2.1.3,PCI_DSS_v4.0_10.2.1.5,PCI_DSS_v4.0_10.2.1.6,PCI_DSS_v4.0_10.6.3",PCI-DSS: Manual (Policy Default),"Manual,Disabled",Manual,Manual,,
5020f3f4-a579-2f28-72a8-283c5a0b15f9,,BuiltIn,Regulatory Compliance,Restrict communications,CMA_0449 - Restrict communications,"PCI_DSS_v4.0_3.3.1,PCI_DSS_v4.0_3.3.1.1,PCI_DSS_v4.0_3.3.1.2,PCI_DSS_v4.0_3.3.1.3,PCI_DSS_v4.0_3.3.3,PCI_DSS_v4.0_3.4.1,PCI_DSS_v4.0_3.4.2",PCI-DSS: Manual (Policy Default),"Manual,Disabled",Manual,Manual,,
efef28d0-3226-966a-a1e8-70e89c1b30bc,,BuiltIn,Regulatory Compliance,Retain security policies and procedures,CMA_0454 - Retain security policies and procedures,"PCI_DSS_v4.0_10.5.1,PCI_DSS_v4.0_5.3.4",PCI-DSS: Manual (Policy Default),"Manual,Disabled",Manual,Manual,,
7c7032fe-9ce6-9092-5890-87a1a3755db1,,BuiltIn,Regulatory Compliance,Retain terminated user data,CMA_0455 - Retain terminated user data,"PCI_DSS_v4.0_10.5.1,PCI_DSS_v4.0_5.3.4",PCI-DSS: Manual (Policy Default),"Manual,Disabled",Manual,Manual,,
03d550b4-34ee-03f4-515f-f2e2faf7a413,,BuiltIn,Regulatory Compliance,Review access control policies and procedures,CMA_0457 - Review access control policies and procedures,PCI_DSS_v4.0_7.1.1,PCI-DSS: Manual (Policy Default),"Manual,Disabled",Manual,Manual,,
a830fe9e-08c9-a4fb-420c-6f6bf1702395,,BuiltIn,Regulatory Compliance,Review account provisioning logs,CMA_0460 - Review account provisioning logs,"PCI_DSS_v4.0_10.4.1,PCI_DSS_v4.0_10.4.1.1,PCI_DSS_v4.0_10.4.2,PCI_DSS_v4.0_10.4.2.1,PCI_DSS_v4.0_10.4.3,PCI_DSS_v4.0_7.2.4",PCI-DSS: Manual (Policy Default),"Manual,Disabled",Manual,Manual,,
f27a298f-9443-014a-0d40-fef12adf0259,,BuiltIn,Regulatory Compliance,Review administrator assignments weekly,CMA_0461 - Review administrator assignments weekly,"PCI_DSS_v4.0_10.4.1,PCI_DSS_v4.0_10.4.1.1,PCI_DSS_v4.0_10.4.2,PCI_DSS_v4.0_10.4.2.1,PCI_DSS_v4.0_10.4.3",PCI-DSS: Manual (Policy Default),"Manual,Disabled",Manual,Manual,,
eb8a8df9-521f-3ccd-7e2c-3d1fcc812340,,BuiltIn,Regulatory Compliance,Review and update configuration management policies and procedures,CMA_C1175 - Review and update configuration management policies and procedures,"PCI_DSS_v4.0_1.1.1,PCI_DSS_v4.0_2.1.1,PCI_DSS_v4.0_6.1.1",PCI-DSS: Manual (Policy Default),"Manual,Disabled",Manual,Manual,,
29acfac0-4bb4-121b-8283-8943198b1549,,BuiltIn,Regulatory Compliance,Review and update identification and authentication policies and procedures,CMA_C1299 - Review and update identification and authentication policies and procedures,PCI_DSS_v4.0_8.1.1,PCI-DSS: Manual (Policy Default),"Manual,Disabled",Manual,Manual,,
6bededc0-2985-54d5-4158-eb8bad8070a0,,BuiltIn,Regulatory Compliance,Review and update information integrity policies and procedures,CMA_C1667 - Review and update information integrity policies and procedures,"PCI_DSS_v4.0_11.1.1,PCI_DSS_v4.0_5.1.1",PCI-DSS: Manual (Policy Default),"Manual,Disabled",Manual,Manual,,
b4e19d22-8c0e-7cad-3219-c84c62dc250f,,BuiltIn,Regulatory Compliance,Review and update media protection policies and procedures,CMA_C1427 - Review and update media protection policies and procedures,PCI_DSS_v4.0_9.1.1,PCI-DSS: Manual (Policy Default),"Manual,Disabled",Manual,Manual,,
91cf132e-0c9f-37a8-a523-dc6a92cd2fb2,,BuiltIn,Regulatory Compliance,Review and update physical and environmental policies and procedures,CMA_C1446 - Review and update physical and environmental policies and procedures,PCI_DSS_v4.0_9.1.1,PCI-DSS: Manual (Policy Default),"Manual,Disabled",Manual,Manual,,
adf517f3-6dcd-3546-9928-34777d0c277e,,BuiltIn,Regulatory Compliance,Review and update system and communications protection policies and procedures,CMA_C1616 - Review and update system and communications protection policies and procedures,"PCI_DSS_v4.0_1.1.1,PCI_DSS_v4.0_11.1.1,PCI_DSS_v4.0_3.1.1,PCI_DSS_v4.0_4.1.1",PCI-DSS: Manual (Policy Default),"Manual,Disabled",Manual,Manual,,
f49925aa-9b11-76ae-10e2-6e973cc60f37,,BuiltIn,Regulatory Compliance,Review and update system and services acquisition policies and procedures,CMA_C1560 - Review and update system and services acquisition policies and procedures,PCI_DSS_v4.0_6.1.1,PCI-DSS: Manual (Policy Default),"Manual,Disabled",Manual,Manual,,
6625638f-3ba1-7404-5983-0ea33d719d34,,BuiltIn,Regulatory Compliance,Review audit data,CMA_0466 - Review audit data,"PCI_DSS_v4.0_10.2.1,PCI_DSS_v4.0_10.4.1,PCI_DSS_v4.0_10.4.1.1,PCI_DSS_v4.0_10.4.2,PCI_DSS_v4.0_10.4.2.1,PCI_DSS_v4.0_10.4.3",PCI-DSS: Manual (Policy Default),"Manual,Disabled",Manual,Manual,,
c246d146-82b0-301f-32e7-1065dcd248b7,,BuiltIn,Regulatory Compliance,Review changes for any unauthorized changes,CMA_C1204 - Review changes for any unauthorized changes,PCI_DSS_v4.0_1.2.8,PCI-DSS: Manual (Policy Default),"Manual,Disabled",Manual,Manual,,
8aec4343-9153-9641-172c-defb201f56b3,,BuiltIn,Regulatory Compliance,Review cloud identity report overview,CMA_0468 - Review cloud identity report overview,"PCI_DSS_v4.0_10.4.1,PCI_DSS_v4.0_10.4.1.1,PCI_DSS_v4.0_10.4.2,PCI_DSS_v4.0_10.4.2.1,PCI_DSS_v4.0_10.4.3",PCI-DSS: Manual (Policy Default),"Manual,Disabled",Manual,Manual,,
ffea18d9-13de-6505-37f3-4c1f88070ad7,,BuiltIn,Regulatory Compliance,Review cloud service provider's compliance with policies and agreements,CMA_0469 - Review cloud service provider's compliance with policies and agreements,"PCI_DSS_v4.0_12.8.4,PCI_DSS_v4.0_12.9.2",PCI-DSS: Manual (Policy Default),"Manual,Disabled",Manual,Manual,,
f48b60c6-4b37-332f-7288-b6ea50d300eb,,BuiltIn,Regulatory Compliance,Review controlled folder access events,CMA_0471 - Review controlled folder access events,"PCI_DSS_v4.0_10.4.1,PCI_DSS_v4.0_10.4.1.1,PCI_DSS_v4.0_10.4.2,PCI_DSS_v4.0_10.4.2.1,PCI_DSS_v4.0_10.4.3",PCI-DSS: Manual (Policy Default),"Manual,Disabled",Manual,Manual,,
ef718fe4-7ceb-9ddf-3198-0ee8f6fe9cba,,BuiltIn,Regulatory Compliance,Review file and folder activity,CMA_0473 - Review file and folder activity,"PCI_DSS_v4.0_10.4.1,PCI_DSS_v4.0_10.4.1.1,PCI_DSS_v4.0_10.4.2,PCI_DSS_v4.0_10.4.2.1,PCI_DSS_v4.0_10.4.3",PCI-DSS: Manual (Policy Default),"Manual,Disabled",Manual,Manual,,
e23444b9-9662-40f3-289e-6d25c02b48fa,,BuiltIn,Regulatory Compliance,Review label activity and analytics,CMA_0474 - Review label activity and analytics,PCI_DSS_v4.0_3.2.1,PCI-DSS: Manual (Policy Default),"Manual,Disabled",Manual,Manual,,
4a6f5cbd-6c6b-006f-2bb1-091af1441bce,,BuiltIn,Regulatory Compliance,Review malware detections report weekly,CMA_0475 - Review malware detections report weekly,"PCI_DSS_v4.0_5.2.1,PCI_DSS_v4.0_5.2.2,PCI_DSS_v4.0_5.2.3,PCI_DSS_v4.0_5.3.1,PCI_DSS_v4.0_5.3.3,PCI_DSS_v4.0_5.4.1",PCI-DSS: Manual (Policy Default),"Manual,Disabled",Manual,Manual,,
70fe686f-1f91-7dab-11bf-bca4201e183b,,BuiltIn,Regulatory Compliance,Review role group changes weekly,CMA_0476 - Review role group changes weekly,"PCI_DSS_v4.0_10.4.1,PCI_DSS_v4.0_10.4.1.1,PCI_DSS_v4.0_10.4.2,PCI_DSS_v4.0_10.4.2.1,PCI_DSS_v4.0_10.4.3",PCI-DSS: Manual (Policy Default),"Manual,Disabled",Manual,Manual,,
a4493012-908c-5f48-a468-1e243be884ce,,BuiltIn,Regulatory Compliance,Review security assessment and authorization policies and procedures,CMA_C1143 - Review security assessment and authorization policies and procedures,PCI_DSS_v4.0_11.1.1,PCI-DSS: Manual (Policy Default),"Manual,Disabled",Manual,Manual,,
fad161f5-5261-401a-22dd-e037bae011bd,,BuiltIn,Regulatory Compliance,Review threat protection status weekly,CMA_0479 - Review threat protection status weekly,"PCI_DSS_v4.0_5.2.1,PCI_DSS_v4.0_5.2.2,PCI_DSS_v4.0_5.2.3,PCI_DSS_v4.0_5.3.3,PCI_DSS_v4.0_5.4.1",PCI-DSS: Manual (Policy Default),"Manual,Disabled",Manual,Manual,,
79f081c7-1634-01a1-708e-376197999289,,BuiltIn,Regulatory Compliance,Review user accounts,CMA_0480 - Review user accounts,PCI_DSS_v4.0_7.2.4,PCI-DSS: Manual (Policy Default),"Manual,Disabled",Manual,Manual,,
eb1c944e-0e94-647b-9b7e-fdb8d2af0838,,BuiltIn,Regulatory Compliance,Review user groups and applications with access to sensitive data,CMA_0481 - Review user groups and applications with access to sensitive data,"PCI_DSS_v4.0_7.2.1,PCI_DSS_v4.0_7.2.3,PCI_DSS_v4.0_7.2.6,PCI_DSS_v4.0_7.3.1,PCI_DSS_v4.0_7.3.2,PCI_DSS_v4.0_7.3.3",PCI-DSS: Manual (Policy Default),"Manual,Disabled",Manual,Manual,,
f96d2186-79df-262d-3f76-f371e3b71798,,BuiltIn,Regulatory Compliance,Review user privileges,CMA_C1039 - Review user privileges,PCI_DSS_v4.0_7.2.4,PCI-DSS: Manual (Policy Default),"Manual,Disabled",Manual,Manual,,
32f22cfa-770b-057c-965b-450898425519,,BuiltIn,Regulatory Compliance,Revoke privileged roles as appropriate,CMA_0483 - Revoke privileged roles as appropriate,"PCI_DSS_v4.0_10.2.1.2,PCI_DSS_v4.0_10.2.1.3,PCI_DSS_v4.0_10.2.1.5,PCI_DSS_v4.0_10.2.1.6,PCI_DSS_v4.0_10.6.3,PCI_DSS_v4.0_8.2.6",PCI-DSS: Manual (Policy Default),"Manual,Disabled",Manual,Manual,,
056a723b-4946-9d2a-5243-3aa27c4d31a1,,BuiltIn,Regulatory Compliance,Satisfy token quality requirements,CMA_0487 - Satisfy token quality requirements,"PCI_DSS_v4.0_8.2.3,PCI_DSS_v4.0_8.3.1,PCI_DSS_v4.0_8.3.11,PCI_DSS_v4.0_8.4.2,PCI_DSS_v4.0_8.4.3,PCI_DSS_v4.0_8.5.1",PCI-DSS: Manual (Policy Default),"Manual,Disabled",Manual,Manual,,
ff1efad2-6b09-54cc-01bf-d386c4d558a8,,BuiltIn,Regulatory Compliance,Secure the interface to external systems,CMA_0491 - Secure the interface to external systems,"PCI_DSS_v4.0_1.4.1,PCI_DSS_v4.0_1.4.2",PCI-DSS: Manual (Policy Default),"Manual,Disabled",Manual,Manual,,
f78fc35e-1268-0bca-a798-afcba9d2330a,,BuiltIn,Regulatory Compliance,Select additional testing for security control assessments,CMA_C1149 - Select additional testing for security control assessments,PCI_DSS_v4.0_12.4.2,PCI-DSS: Manual (Policy Default),"Manual,Disabled",Manual,Manual,,
60ee1260-97f0-61bb-8155-5d8b75743655,,BuiltIn,Regulatory Compliance,Separate duties of individuals,CMA_0492 - Separate duties of individuals,PCI_DSS_v4.0_6.2.3.1,PCI-DSS: Manual (Policy Default),"Manual,Disabled",Manual,Manual,,
af38215f-70c4-0cd6-40c2-c52d86690a45,,BuiltIn,Regulatory Compliance,Set automated notifications for new and trending cloud applications in your organization,CMA_0495 - Set automated notifications for new and trending cloud applications in your organization,"PCI_DSS_v4.0_11.5.1,PCI_DSS_v4.0_11.5.1.1",PCI-DSS: Manual (Policy Default),"Manual,Disabled",Manual,Manual,,
1d39b5d9-0392-8954-8359-575ce1957d1a,,BuiltIn,Regulatory Compliance,Support personal verification credentials issued by legal authorities,CMA_0507 - Support personal verification credentials issued by legal authorities,PCI_DSS_v4.0_8.2.1,PCI-DSS: Manual (Policy Default),"Manual,Disabled",Manual,Manual,,
76d66b5c-85e4-93f5-96a5-ebb2fad61dc6,,BuiltIn,Regulatory Compliance,Terminate customer controlled account credentials,CMA_C1022 - Terminate customer controlled account credentials,PCI_DSS_v4.0_8.2.2,PCI-DSS: Manual (Policy Default),"Manual,Disabled",Manual,Manual,,
4502e506-5f35-0df4-684f-b326e3cc7093,,BuiltIn,Regulatory Compliance,Terminate user session automatically,CMA_C1054 - Terminate user session automatically,PCI_DSS_v4.0_8.2.8,PCI-DSS: Manual (Policy Default),"Manual,Disabled",Manual,Manual,,
77cc89bb-774f-48d7-8a84-fb8c322c3000,,BuiltIn,Regulatory Compliance,Track software license usage,CMA_C1235 - Track software license usage,PCI_DSS_v4.0_12.2.1,PCI-DSS: Manual (Policy Default),"Manual,Disabled",Manual,Manual,,
5fc24b95-53f7-0ed1-2330-701b539b97fe,,BuiltIn,Regulatory Compliance,Turn on sensors for endpoint security solution,CMA_0514 - Turn on sensors for endpoint security solution,"PCI_DSS_v4.0_12.4.2,PCI_DSS_v4.0_12.4.2.1",PCI-DSS: Manual (Policy Default),"Manual,Disabled",Manual,Manual,,
9b55929b-0101-47c0-a16e-d6ac5c7d21f8,,BuiltIn,Regulatory Compliance,Undergo independent security review,CMA_0515 - Undergo independent security review,"PCI_DSS_v4.0_12.4.2,PCI_DSS_v4.0_12.4.2.1,PCI_DSS_v4.0_12.8.4,PCI_DSS_v4.0_12.9.2",PCI-DSS: Manual (Policy Default),"Manual,Disabled",Manual,Manual,,
ea9d7c95-2f10-8a4d-61d8-7469bd2e8d65,,BuiltIn,Regulatory Compliance,Update antivirus definitions,CMA_0517 - Update antivirus definitions,"PCI_DSS_v4.0_5.2.1,PCI_DSS_v4.0_5.2.2,PCI_DSS_v4.0_5.2.3,PCI_DSS_v4.0_5.3.1,PCI_DSS_v4.0_5.3.3,PCI_DSS_v4.0_5.4.1",PCI-DSS: Manual (Policy Default),"Manual,Disabled",Manual,Manual,,
5226dee6-3420-711b-4709-8e675ebd828f,,BuiltIn,Regulatory Compliance,Update information security policies,CMA_0518 - Update information security policies,"PCI_DSS_v4.0_10.1.1,PCI_DSS_v4.0_12.1.2,PCI_DSS_v4.0_12.5.3",PCI-DSS: Manual (Policy Default),"Manual,Disabled",Manual,Manual,,
cc057769-01d9-95ad-a36f-1e62a7f9540b,,BuiltIn,Regulatory Compliance,Update POA&M items,CMA_C1157 - Update POA&M items,PCI_DSS_v4.0_12.4.2.1,PCI-DSS: Manual (Policy Default),"Manual,Disabled",Manual,Manual,,
96333008-988d-4add-549b-92b3a8c42063,,BuiltIn,Regulatory Compliance,"Update privacy plan, policies, and procedures","CMA_C1807 - Update privacy plan, policies, and procedures","PCI_DSS_v4.0_12.4.1,PCI_DSS_v4.0_3.1.1",PCI-DSS: Manual (Policy Default),"Manual,Disabled",Manual,Manual,,
e714b481-8fac-64a2-14a9-6f079b2501a4,,BuiltIn,Regulatory Compliance,Use privileged identity management,CMA_0533 - Use privileged identity management,"PCI_DSS_v4.0_10.2.1.2,PCI_DSS_v4.0_10.2.1.3,PCI_DSS_v4.0_10.2.1.5,PCI_DSS_v4.0_10.2.1.6,PCI_DSS_v4.0_10.6.3",PCI-DSS: Manual (Policy Default),"Manual,Disabled",Manual,Manual,,
1ee4c7eb-480a-0007-77ff-4ba370776266,,BuiltIn,Regulatory Compliance,Use system clocks for audit records,CMA_0535 - Use system clocks for audit records,"PCI_DSS_v4.0_10.6.1,PCI_DSS_v4.0_10.6.2",PCI-DSS: Manual (Policy Default),"Manual,Disabled",Manual,Manual,,
72889284-15d2-90b2-4b39-a1e9541e1152,,BuiltIn,Regulatory Compliance,Verify identity before distributing authenticators,CMA_0538 - Verify identity before distributing authenticators,PCI_DSS_v4.0_8.3.11,PCI-DSS: Manual (Policy Default),"Manual,Disabled",Manual,Manual,,
c6b877a6-5d6d-1862-4b7f-3ccc30b25b63,,BuiltIn,Regulatory Compliance,Verify personal data is deleted at the end of processing,CMA_0540 - Verify personal data is deleted at the end of processing,"PCI_DSS_v4.0_3.2.1,PCI_DSS_v4.0_3.3.1,PCI_DSS_v4.0_3.3.1.1,PCI_DSS_v4.0_3.3.1.3,PCI_DSS_v4.0_9.4.6,PCI_DSS_v4.0_9.4.7",PCI-DSS: Manual (Policy Default),"Manual,Disabled",Manual,Manual,,
ece8bb17-4080-5127-915f-dc7267ee8549,,BuiltIn,Regulatory Compliance,Verify security functions,CMA_C1708 - Verify security functions,"PCI_DSS_v4.0_10.7.1,PCI_DSS_v4.0_10.7.2,PCI_DSS_v4.0_10.7.3",PCI-DSS: Manual (Policy Default),"Manual,Disabled",Manual,Manual,,
db28735f-518f-870e-15b4-49623cbe3aa0,,BuiltIn,Regulatory Compliance,"Verify software, firmware and information integrity","CMA_0542 - Verify software, firmware and information integrity","PCI_DSS_v4.0_11.5.2,PCI_DSS_v4.0_11.6.1,PCI_DSS_v4.0_6.4.3",PCI-DSS: Manual (Policy Default),"Manual,Disabled",Manual,Manual,,
0123edae-3567-a05a-9b05-b53ebe9d3e7e,,BuiltIn,Regulatory Compliance,View and configure system diagnostic data,CMA_0544 - View and configure system diagnostic data,"PCI_DSS_v4.0_11.5.2,PCI_DSS_v4.0_11.6.1,PCI_DSS_v4.0_6.4.3",PCI-DSS: Manual (Policy Default),"Manual,Disabled",Manual,Manual,,
98145a9b-428a-7e81-9d14-ebb154a24f93,,BuiltIn,Regulatory Compliance,View and investigate restricted users,CMA_0545 - View and investigate restricted users,PCI_DSS_v4.0_12.10.7,PCI-DSS: Manual (Policy Default),"Manual,Disabled",Manual,Manual,,
4f11b553-d42e-4e3a-89be-32ca364cad4c,,BuiltIn,Security Center,A maximum of 3 owners should be designated for your subscription,It is recommended to designate up to 3 subscription owners in order to reduce the potential for breach by a compromised owner.,"PCI_DSS_v4.0_7.2.1,PCI_DSS_v4.0_7.2.2",PCI-DSS: AuditIfNotExists (Policy Default),"AuditIfNotExists,Disabled",AuditIfNotExists,AuditIfNotExists,,
501541f7-f7e7-4cd6-868c-4190fdad3ac9,,BuiltIn,Security Center,A vulnerability assessment solution should be enabled on your virtual machines,"Audits virtual machines to detect whether they are running a supported vulnerability assessment solution. A core component of every cyber risk and security program is the identification and analysis of vulnerabilities. Azure Security Center's standard pricing tier includes vulnerability scanning for your virtual machines at no extra cost. Additionally, Security Center can automatically deploy this tool for you.","PCI_DSS_v4.0_11.3.1,PCI_DSS_v4.0_5.2.1,PCI_DSS_v4.0_5.2.2,PCI_DSS_v4.0_5.2.3,PCI_DSS_v4.0_6.3.3,PCI_DSS_v4.0_6.4.1",PCI-DSS: AuditIfNotExists (Policy Default),"AuditIfNotExists,Disabled",AuditIfNotExists,AuditIfNotExists,,
e3e008c3-56b9-4133-8fd7-d3347377402a,,BuiltIn,Security Center,Accounts with owner permissions on Azure resources should be MFA enabled,Multi-Factor Authentication (MFA) should be enabled for all subscription accounts with owner permissions to prevent a breach of accounts or resources.,"PCI_DSS_v4.0_3.3.3,PCI_DSS_v4.0_7.3.1,PCI_DSS_v4.0_8.4.1",PCI-DSS: AuditIfNotExists (Policy Default),"AuditIfNotExists,Disabled",AuditIfNotExists,AuditIfNotExists,,
931e118d-50a1-4457-a5e4-78550e086c52,,BuiltIn,Security Center,Accounts with write permissions on Azure resources should be MFA enabled,Multi-Factor Authentication (MFA) should be enabled for all subscription accounts with write privileges to prevent a breach of accounts or resources.,"PCI_DSS_v4.0_3.3.3,PCI_DSS_v4.0_7.3.1,PCI_DSS_v4.0_8.4.1",PCI-DSS: AuditIfNotExists (Policy Default),"AuditIfNotExists,Disabled",AuditIfNotExists,AuditIfNotExists,,
9daedab3-fb2d-461e-b861-71790eead4f6,,BuiltIn,Security Center,All network ports should be restricted on network security groups associated to your virtual machine,Azure Security Center has identified some of your network security groups' inbound rules to be too permissive. Inbound rules should not allow access from 'Any' or 'Internet' ranges. This can potentially enable attackers to target your resources.,"PCI_DSS_v4.0_1.3.2,PCI_DSS_v4.0_1.4.2",PCI-DSS: AuditIfNotExists (Policy Default),"AuditIfNotExists,Disabled",AuditIfNotExists,AuditIfNotExists,,
0cfea604-3201-4e14-88fc-fae4c427a6c5,,BuiltIn,Security Center,Blocked accounts with owner permissions on Azure resources should be removed,Deprecated accounts with owner permissions should be removed from your subscription.  Deprecated accounts are accounts that have been blocked from signing in.,"PCI_DSS_v4.0_8.2.4,PCI_DSS_v4.0_8.2.5,PCI_DSS_v4.0_8.2.7",PCI-DSS: AuditIfNotExists (Policy Default),"AuditIfNotExists,Disabled",AuditIfNotExists,AuditIfNotExists,,
8d7e1fde-fe26-4b5f-8108-f8e432cbc2be,,BuiltIn,Security Center,Blocked accounts with read and write permissions on Azure resources should be removed,Deprecated accounts should be removed from your subscriptions.  Deprecated accounts are accounts that have been blocked from signing in.,"PCI_DSS_v4.0_8.2.4,PCI_DSS_v4.0_8.2.5,PCI_DSS_v4.0_8.2.7",PCI-DSS: AuditIfNotExists (Policy Default),"AuditIfNotExists,Disabled",AuditIfNotExists,AuditIfNotExists,,
339353f6-2387-4a45-abe4-7f529d121046,,BuiltIn,Security Center,Guest accounts with owner permissions on Azure resources should be removed,External accounts with owner permissions should be removed from your subscription in order to prevent unmonitored access.,"PCI_DSS_v4.0_3.3.3,PCI_DSS_v4.0_7.3.1,PCI_DSS_v4.0_8.2.4,PCI_DSS_v4.0_8.2.7,PCI_DSS_v4.0_8.4.1",PCI-DSS: AuditIfNotExists (Policy Default),"AuditIfNotExists,Disabled",AuditIfNotExists,AuditIfNotExists,,
e9ac8f8e-ce22-4355-8f04-99b911d6be52,,BuiltIn,Security Center,Guest accounts with read permissions on Azure resources should be removed,External accounts with read privileges should be removed from your subscription in order to prevent unmonitored access.,"PCI_DSS_v4.0_3.3.3,PCI_DSS_v4.0_7.3.1,PCI_DSS_v4.0_8.2.4,PCI_DSS_v4.0_8.2.7,PCI_DSS_v4.0_8.4.1",PCI-DSS: AuditIfNotExists (Policy Default),"AuditIfNotExists,Disabled",AuditIfNotExists,AuditIfNotExists,,
94e1c2ac-cbbe-4cac-a2b5-389c812dee87,,BuiltIn,Security Center,Guest accounts with write permissions on Azure resources should be removed,External accounts with write privileges should be removed from your subscription in order to prevent unmonitored access.,"PCI_DSS_v4.0_3.3.3,PCI_DSS_v4.0_7.3.1,PCI_DSS_v4.0_8.2.4,PCI_DSS_v4.0_8.2.7,PCI_DSS_v4.0_8.4.1",PCI-DSS: AuditIfNotExists (Policy Default),"AuditIfNotExists,Disabled",AuditIfNotExists,AuditIfNotExists,,
af6cd1bd-1635-48cb-bde7-5b15693900b9,,BuiltIn,Security Center,Monitor missing Endpoint Protection in Azure Security Center,Servers without an installed Endpoint Protection agent will be monitored by Azure Security Center as recommendations,"PCI_DSS_v4.0_11.3.1,PCI_DSS_v4.0_5.2.1,PCI_DSS_v4.0_5.2.2,PCI_DSS_v4.0_5.2.3,PCI_DSS_v4.0_6.3.3,PCI_DSS_v4.0_6.4.1",PCI-DSS: AuditIfNotExists (Policy Default),"AuditIfNotExists,Disabled",AuditIfNotExists,AuditIfNotExists,,
feedbf84-6b99-488c-acc2-71c829aa5ffc,,BuiltIn,Security Center,SQL databases should have vulnerability findings resolved,Monitor vulnerability assessment scan results and recommendations for how to remediate database vulnerabilities.,"PCI_DSS_v4.0_11.3.1,PCI_DSS_v4.0_5.2.1,PCI_DSS_v4.0_5.2.2,PCI_DSS_v4.0_5.2.3,PCI_DSS_v4.0_6.3.3,PCI_DSS_v4.0_6.4.1",PCI-DSS: AuditIfNotExists (Policy Default),"AuditIfNotExists,Disabled",AuditIfNotExists,AuditIfNotExists,,
86b3d65f-7626-441e-b690-81a8b71cff60,,BuiltIn,Security Center,System updates should be installed on your machines,Missing security system updates on your servers will be monitored by Azure Security Center as recommendations,"PCI_DSS_v4.0_11.3.1,PCI_DSS_v4.0_5.2.1,PCI_DSS_v4.0_5.2.2,PCI_DSS_v4.0_5.2.3,PCI_DSS_v4.0_6.3.3,PCI_DSS_v4.0_6.4.1",PCI-DSS: AuditIfNotExists (Policy Default),"AuditIfNotExists,Disabled",AuditIfNotExists,AuditIfNotExists,,
09024ccc-0c5f-475e-9457-b7c0d9ed487b,,BuiltIn,Security Center,There should be more than one owner assigned to your subscription,It is recommended to designate more than one subscription owner in order to have administrator access redundancy.,"PCI_DSS_v4.0_7.2.1,PCI_DSS_v4.0_7.2.2",PCI-DSS: AuditIfNotExists (Policy Default),"AuditIfNotExists,Disabled",AuditIfNotExists,AuditIfNotExists,,
0961003e-5a0a-4549-abde-af6a37f2724d,,BuiltIn,Security Center,"Virtual machines should encrypt temp disks, caches, and data flows between Compute and Storage resources","By default, a virtual machine's OS and data disks are encrypted-at-rest using platform-managed keys. Temp disks, data caches and data flowing between compute and storage aren't encrypted. Disregard this recommendation if: 1. using encryption-at-host, or 2. server-side encryption on Managed Disks meets your security requirements. Learn more in: Server-side encryption of Azure Disk Storage: https://aka.ms/disksse, Different disk encryption offerings: https://aka.ms/diskencryptioncomparison","PCI_DSS_v4.0_3.5.1,PCI_DSS_v4.0_6.2.4",PCI-DSS: AuditIfNotExists (Policy Default),"AuditIfNotExists,Disabled",AuditIfNotExists,AuditIfNotExists,,
e1e5fd5d-3e4c-4ce1-8661-7d1873ae6b15,,BuiltIn,Security Center,Vulnerabilities in security configuration on your machines should be remediated,Servers which do not satisfy the configured baseline will be monitored by Azure Security Center as recommendations,"PCI_DSS_v4.0_11.3.1,PCI_DSS_v4.0_5.2.1,PCI_DSS_v4.0_5.2.2,PCI_DSS_v4.0_5.2.3,PCI_DSS_v4.0_6.3.3,PCI_DSS_v4.0_6.4.1",PCI-DSS: AuditIfNotExists (Policy Default),"AuditIfNotExists,Disabled",AuditIfNotExists,AuditIfNotExists,,
617c02be-7f02-4efd-8836-3180d47b6c68,,BuiltIn,Service Fabric,Service Fabric clusters should have the ClusterProtectionLevel property set to EncryptAndSign,"Service Fabric provides three levels of protection (None, Sign and EncryptAndSign) for node-to-node communication using a primary cluster certificate. Set the protection level to ensure that all node-to-node messages are encrypted and digitally signed","PCI_DSS_v4.0_3.5.1,PCI_DSS_v4.0_6.2.4",PCI-DSS: Audit (Policy Default),"Disabled,Deny,Audit",Audit,Audit,,
1f314764-cb73-4fc9-b863-8eca98ac36e9,,BuiltIn,SQL,An Azure Active Directory administrator should be provisioned for SQL servers,Audit provisioning of an Azure Active Directory administrator for your SQL server to enable Azure AD authentication. Azure AD authentication enables simplified permission management and centralized identity management of database users and other Microsoft services,"PCI_DSS_v4.0_3.3.3,PCI_DSS_v4.0_7.3.1,PCI_DSS_v4.0_8.4.1",PCI-DSS: AuditIfNotExists (Policy Default),"AuditIfNotExists,Disabled",AuditIfNotExists,AuditIfNotExists,,
a6fb4358-5bf4-4ad7-ba82-2cd2f41ce5e9,,BuiltIn,SQL,Auditing on SQL server should be enabled,Auditing on your SQL Server should be enabled to track database activities across all databases on the server and save them in an audit log.,"PCI_DSS_v4.0_10.2.2,PCI_DSS_v4.0_10.3.3",PCI-DSS: AuditIfNotExists (Policy Default),"AuditIfNotExists,Disabled",AuditIfNotExists,AuditIfNotExists,,
17k78e20-9358-41c9-923c-fb736d382a12,,BuiltIn,SQL,Transparent Data Encryption on SQL databases should be enabled,Transparent data encryption should be enabled to protect data-at-rest and meet compliance requirements,"PCI_DSS_v4.0_3.5.1,PCI_DSS_v4.0_6.2.4",PCI-DSS: AuditIfNotExists (Policy Default),"AuditIfNotExists,Disabled",AuditIfNotExists,AuditIfNotExists,,
404c3081-a854-4457-ae30-26a93ef643f9,,BuiltIn,Storage,Secure transfer to storage accounts should be enabled,"Audit requirement of Secure transfer in your storage account. Secure transfer is an option that forces your storage account to accept requests only from secure connections (HTTPS). Use of HTTPS ensures authentication between the server and the service and protects data in transit from network layer attacks such as man-in-the-middle, eavesdropping, and session-hijacking","PCI_DSS_v4.0_3.5.1,PCI_DSS_v4.0_6.2.4",PCI-DSS: Audit (Policy Default),"Disabled,Deny,Audit",Audit,Audit,,
37e0d2fe-28a5-43d6-a273-67d37d1f5606,,BuiltIn,Storage,Storage accounts should be migrated to new Azure Resource Manager resources,"Use new Azure Resource Manager for your storage accounts to provide security enhancements such as: stronger access control (RBAC), better auditing, Azure Resource Manager based deployment and governance, access to managed identities, access to key vault for secrets, Azure AD-based authentication and support for tags and resource groups for easier security management","PCI_DSS_v4.0_10.2.2,PCI_DSS_v4.0_10.3.3",PCI-DSS: Audit (Policy Default),"Disabled,Deny,Audit",Audit,Audit,,
34c877ad-507e-4c82-993e-3452a6e0ad3c,,BuiltIn,Storage,Storage accounts should restrict network access,"Network access to storage accounts should be restricted. Configure network rules so only applications from allowed networks can access the storage account. To allow connections from specific internet or on-premises clients, access can be granted to traffic from specific Azure virtual networks or to public internet IP address ranges","PCI_DSS_v4.0_1.3.2,PCI_DSS_v4.0_1.4.2",PCI-DSS: Audit (Policy Default),"Disabled,Deny,Audit",Audit,Audit,,
